segmentnr	original	analyzed	translated
['BO_K06_D0034_H0035:403b-0']	@403b / /rgya gar skad du /	@403b / /rgya gar skad du /	In Sanskrit:
['BO_K06_D0034_H0035:403b-1']	mah'a sa ma ya s'u tra /	mah'a sa ma ya s'u tra /	MahÄsamayasÅ«tra
['BO_K06_D0034_H0035:403b-2']	bod skad du /	bod skad du /	In Tibetan:
['BO_K06_D0034_H0035:403b-3']	'dus pa chen po'i mdo /	'dus pa chen po'i mdo /	The Great Assembly SÅ«tra
['BO_K06_D0034_H0035:403b-4']	'phags pa dkon mchog gsum la gus pas phyag 'tshal lo //	'phags pa dkon mchog gsum la gus pas phyag 'tshal lo //	Homage to the Three Jewels with respect!
['BO_K06_D0034_H0035:403b-5']	'di skad bdag gis thos pa dus gcig na /	'di skad bdag gis thos pa dus gcig na /	Thus have I heard at one time,
['BO_K06_D0034_H0035:403b-6', 'BO_K06_D0034_H0035:404a-0']	bcom ldan 'das sh'akya'i yul ser skya'i gzhi'i tshal chen po na dge slong gi dge 'dun chen po lnga brgya ste /ğŸ”½de thams cad kyang dgra bcom pa rnams dang lhan cig @404a *//	bcom ldan 'das sh'akya'i yul ser skya'i gzhi'i tshal chen po na dge slong gi dge 'dun chen po lnga brgya ste / de thams cad kyang dgra bcom pa rnams dang lhan cig @404a *//	the Blessed One was in the great forest of Kapilavastu in the ÅšÄkya country, together with a great saá¹…gha of five hundred monks,ğŸ”½all of whom were arhats,
['BO_K06_D0034_H0035:404a-1']	tu bzhugs so //	tu bzhugs so //	and with them he was dwelling.
['BO_K06_D0034_H0035:404a-2']	'jig rten gyi khams bcu'i lha rnams de ma thag tu 'dus te /	'jig rten gyi khams bcu'i lha rnams de ma thag tu 'dus te /	The gods of ten world systems immediately gathered
['BO_K06_D0034_H0035:404a-3']	bcom ldan 'das dang / dge slong gi dge 'dun rnams blta ba'i phyir ro //	bcom ldan 'das dang / dge slong gi dge 'dun rnams blta ba'i phyir ro //	in order to see the Blessed One and the saá¹…gha of monks.
['BO_K06_D0034_H0035:404a-4']	de nas gnas gtsang ma'i ris kyi lha'i ris bzhi po rnams kyis 'di skad ces gsol to //	de nas gnas gtsang ma'i ris kyi lha'i ris bzhi po rnams kyis 'di skad ces gsol to //	Then the four classes of gods of the ÅšuddhÄvÄsa realm made this request:
['BO_K06_D0034_H0035:404a-5']	'dir yang bcom ldan 'das kyis sh'akya'i yul ser skya'i gzhi'i tshal chen po na dge slong gi dge 'dun chen po lnga brgya ste /	'dir yang bcom ldan 'das kyis sh'akya'i yul ser skya'i gzhi'i tshal chen po na dge slong gi dge 'dun chen po lnga brgya ste /	Here too, the Blessed One was in the great forest of Kapilavastu in the ÅšÄkya country, together with a great saá¹…gha of five hundred monks,
['BO_K06_D0034_H0035:404a-6']	de thams cad kyang dgra bcom pa rnams dang lhan cig tu bzhugs so //	de thams cad kyang dgra bcom pa rnams dang lhan cig tu bzhugs so //	All of them were seated together with the arhats.
['BO_K06_D0034_H0035:404a-7']	'jig rten gyi khams bcu'i lha rnams de ma thag tu 'dus te /	'jig rten gyi khams bcu'i lha rnams de ma thag tu 'dus te /	The gods of the ten world systems immediately gathered
['BO_K06_D0034_H0035:404a-8', 'BO_K06_D0034_H0035:404a-9']	bcom ldan 'das kyi dge slong gi dge 'dun rnams blta ba'i phyir ro //ğŸ”½gang dag de bzhin du bcom ldan 'das ga la ba der de dag song ste song nas /	bcom ldan 'das kyi dge slong gi dge 'dun rnams blta ba'i phyir ro // gang dag de bzhin du bcom ldan 'das ga la ba der de dag song ste song nas /	in order to see the Blessed One and the community of monks.ğŸ”½Those who were there went to the Blessed One.
['BO_K06_D0034_H0035:404a-10']	bcom ldan 'das kyi thad du tshigs su bcad pa so sor brjod par bya'o //	bcom ldan 'das kyi thad du tshigs su bcad pa so sor brjod par bya'o //	Having gone there, they each spoke a verse in the presence of the Blessed One.
['BO_K06_D0034_H0035:404a-11']	de nas lha de rnams kyis /	de nas lha de rnams kyis /	Then those gods,
['BO_K06_D0034_H0035:404a-12']	'di lta ste /	'di lta ste /	just like
['BO_K06_D0034_H0035:404a-13']	skyes bu stobs dang ldan pa'i lag pa bskum pa las brkyang ba tsam dang / brkyang pa las bskum pa de bzhin du gnas gtsang ma'i lha rnams mi snang bar gyur te /	skyes bu stobs dang ldan pa'i lag pa bskum pa las brkyang ba tsam dang / brkyang pa las bskum pa de bzhin du gnas gtsang ma'i lha rnams mi snang bar gyur te /	the powerful man stretching out his bent arm or bending his outstretched arm, disappeared from the Pure Abodes
['BO_K06_D0034_H0035:404a-14']	bcom ldan 'das kyi thad du snang bar gyur to //	bcom ldan 'das kyi thad du snang bar gyur to //	and appeared in the presence of the Blessed One.ğŸ”½Then those gods,
['BO_K06_D0034_H0035:404a-15']	de nas lha de rnams kyis bcom ldan 'das la phyag byas nas phyogs gcig tu 'khod do //	de nas lha de rnams kyis bcom ldan 'das la phyag byas nas phyogs gcig tu 'khod do //	having bowed to the Blessed One, sat to one side.
['BO_K06_D0034_H0035:404a-16']	phyogs gcig tu 'khod nas yang lha de rnams kyis bcom ldan 'das kyi thad du tshigs su bcad pa 'di rnams gsol to //	phyogs gcig tu 'khod nas yang lha de rnams kyis bcom ldan 'das kyi thad du tshigs su bcad pa 'di rnams gsol to //	Having taken their places, the gods addressed the Blessed One in verse:
['BO_K06_D0034_H0035:404a-17']	'dus pa chen po'i tshal 'di ru //	'dus pa chen po'i tshal 'di ru //	In this great assembly hall,
['BO_K06_D0034_H0035:404b-0']	lha yi tshogs rnams @404b 'dus pa ste //	lha yi tshogs rnams @404b 'dus pa ste //	The hosts of gods have gathered.
['BO_K06_D0034_H0035:404b-1']	chos 'di'i phyir du bdag 'ongs pa //	chos 'di'i phyir du bdag 'ongs pa //	For the sake of this Dharma, I have come here
['BO_K06_D0034_H0035:404b-2']	dge 'dun mi pham 'dus pa blta //	dge 'dun mi pham 'dus pa blta //	To behold the invincible Saá¹…gha gathered together.
['BO_K06_D0034_H0035:404b-3']	de nas lha gzhan rnams kyis bcom ldan 'das kyi thad du tshigs su bcad pa 'di gsol to //	de nas lha gzhan rnams kyis bcom ldan 'das kyi thad du tshigs su bcad pa 'di gsol to //	Then other gods addressed the Blessed One in verse:ğŸ”½The Saá¹…gha has tamed the mind
['BO_K06_D0034_H0035:404b-4']	dge 'dun sems rnams dul ba dang // rang gi sems ni drang por byas //	dge 'dun sems rnams dul ba dang // rang gi sems ni drang por byas //	And straightened its own mind.
['BO_K06_D0034_H0035:404b-5']	kha lo sgyur ba'i drang por 'dzin //	kha lo sgyur ba'i drang por 'dzin //	They hold the reins straight
['BO_K06_D0034_H0035:404b-6']	de bzhin mkhas pas dbang po bsrung //	de bzhin mkhas pas dbang po bsrung //	And likewise the wise guard the senses.
['BO_K06_D0034_H0035:404b-7']	de nas lha gzhan rnams kyis bcom ldan 'das kyi thad du tshigs su bcad pa 'di gsol to //	de nas lha gzhan rnams kyis bcom ldan 'das kyi thad du tshigs su bcad pa 'di gsol to //	Then other gods addressed the Blessed One in verse:ğŸ”½The mind leaves the senses
['BO_K06_D0034_H0035:404b-8']	khyim gyi 'ching ba bton pa dang // dbang po nas ni sems 'gro zhing //	khyim gyi 'ching ba bton pa dang // dbang po nas ni sems 'gro zhing //	Like an elephant leaving its bonds.
['BO_K06_D0034_H0035:404b-9']	dag cing dri med der 'gro ba //	dag cing dri med der 'gro ba //	It goes there, pure and stainless,
['BO_K06_D0034_H0035:404b-10']	mig ldan glang po dul ba bzhin //	mig ldan glang po dul ba bzhin //	Like a well-tamed elephant with a goad.
['BO_K06_D0034_H0035:404b-11']	de nas lha gzhan rnams kyis bcom ldan 'das kyi thad du tshigs su bcad pa 'di gsol to //	de nas lha gzhan rnams kyis bcom ldan 'das kyi thad du tshigs su bcad pa 'di gsol to //	Then the other gods, in the presence of the Blessed One, spoke this verse:
['BO_K06_D0034_H0035:404b-12']	gang zhig sangs rgyas skyabs 'gro ba //	gang zhig sangs rgyas skyabs 'gro ba //	â€œWhoever goes for refuge to the Buddha
['BO_K06_D0034_H0035:404b-13']	de ni ngan song 'gro mi 'gyur //	de ni ngan song 'gro mi 'gyur //	will not go to the lower realms.
['BO_K06_D0034_H0035:404b-14']	mi yi lus ni spangs nas su //	mi yi lus ni spangs nas su //	Having abandoned the human body,
['BO_K06_D0034_H0035:404b-15']	lha yi lus ni yongs rdzogs 'gyur //	lha yi lus ni yongs rdzogs 'gyur //	they will fully attain the divine body.â€
['BO_K06_D0034_H0035:404b-16', 'BO_K06_D0034_H0035:404b-17']	de nas bcom ldan 'das kyis dge slong rnams bos te de ma thag tu /ğŸ”½dge slong dag /	de nas bcom ldan 'das kyis dge slong rnams bos te de ma thag tu / dge slong dag /	Then the Blessed One addressed the monks: â€œMonks,ğŸ”½the gods of ten world systems have gathered
['BO_K06_D0034_H0035:404b-18']	'jig rten gyi khams bcu'i lha rnams 'dus te de bzhin gshegs pa dge slong gi dge 'dun dang bcas pa blta ba'i phyir ro //	'jig rten gyi khams bcu'i lha rnams 'dus te de bzhin gshegs pa dge slong gi dge 'dun dang bcas pa blta ba'i phyir ro //	to see the Thus-Gone One and the saá¹…gha of monks.
['BO_K06_D0034_H0035:404b-19']	dge slong dag /	dge slong dag /	Monks,
['BO_K06_D0034_H0035:404b-20']	gang de rnams su gyur pa 'das pa'i dgra bcom pa yang dag par rdzogs pa'i sangs rgyas de rnams bcom ldan 'das de tsam du gyur pa de bzhin du lha rnams 'dus par gyur to //	gang de rnams su gyur pa 'das pa'i dgra bcom pa yang dag par rdzogs pa'i sangs rgyas de rnams bcom ldan 'das de tsam du gyur pa de bzhin du lha rnams 'dus par gyur to //	just as those gods have gathered, so too did the gods of the past, the worthy ones, the perfect buddhas.
['BO_K06_D0034_H0035:404b-21']	'di lta ste /	'di lta ste /	It is like this:
['BO_K06_D0034_H0035:404b-22']	bdag kyang 'di skad ces smra ste /	bdag kyang 'di skad ces smra ste /	I also say this.
['BO_K06_D0034_H0035:404b-23']	dge slong dag /	dge slong dag /	Monks,
['BO_K06_D0034_H0035:405a-0']	lha'i tshogs @405a *//	lha'i tshogs @405a *//	the assembly of gods
['BO_K06_D0034_H0035:405a-1']	rnams kyi ming brjod par bya ste /	rnams kyi ming brjod par bya ste /	I will now proclaim their names.
['BO_K06_D0034_H0035:405a-2', 'BO_K06_D0034_H0035:405a-3']	dge slong dag /ğŸ”½rab tu gsal bar byed pa zhes bya ba'i lha'i tshogs dang / dge slong dag /	dge slong dag / rab tu gsal bar byed pa zhes bya ba'i lha'i tshogs dang / dge slong dag /	Bhiká¹£us,ğŸ”½there is a group of devas called Illuminators,
['BO_K06_D0034_H0035:405a-4']	lha'i tshogs ston par byed pa zhes bya ba'o //	lha'i tshogs ston par byed pa zhes bya ba'o //	and there is a group of devas called Teachers.
['BO_K06_D0034_H0035:405a-5']	de thos nas legs par yid la zungs shig dang ngas bshad par bya'o //	de thos nas legs par yid la zungs shig dang ngas bshad par bya'o //	Having heard this, retain it well in your mind, and I will explain it to you.â€
['BO_K06_D0034_H0035:405a-6']	de ltar btsun pa bcom ldan 'das la dge slong de rnams kyis so sor zhus nas /	de ltar btsun pa bcom ldan 'das la dge slong de rnams kyis so sor zhus nas /	Thus, the bhiká¹£us each asked the BhagavÄn,
['BO_K06_D0034_H0035:405a-7']	bcom ldan 'das kyis 'di skad ces bka' stsal to //	bcom ldan 'das kyis 'di skad ces bka' stsal to //	and the BhagavÄn said this:
['BO_K06_D0034_H0035:405a-8']	tshigs su bcad pa so sor bshad //	tshigs su bcad pa so sor bshad //	â€œI will explain each verse.
['BO_K06_D0034_H0035:405a-9']	gang dus gzhi mthong gyur nas //	gang dus gzhi mthong gyur nas //	When one sees the ground,
['BO_K06_D0034_H0035:405a-10']	ri yi phug tu gang gnas pa //	ri yi phug tu gang gnas pa //	one who dwells in a mountain cave
['BO_K06_D0034_H0035:405a-11']	de ru mnyam par 'jog par byed //	de ru mnyam par 'jog par byed //	should rest in equipoise there.
['BO_K06_D0034_H0035:405a-12']	sa gzhir seng ge 'jigs med bzhin //	sa gzhir seng ge 'jigs med bzhin //	Like a fearless lion on the ground,
['BO_K06_D0034_H0035:405a-13']	ba spu tsam yang g-yo ba med //	ba spu tsam yang g-yo ba med //	not moving even a hair,ğŸ”½the mind is pure and white,
['BO_K06_D0034_H0035:405a-14']	sems ni dag cing dkar ba dang // chu ni rab tu dvangs pa bzhin //	sems ni dag cing dkar ba dang // chu ni rab tu dvangs pa bzhin //	like water that is completely clear.
['BO_K06_D0034_H0035:405a-15']	lnga brgya po yis legs shes shing //	lnga brgya po yis legs shes shing //	The five hundred well-known
['BO_K06_D0034_H0035:405a-16']	ser skya'i tshal gnas mang po rnams //	ser skya'i tshal gnas mang po rnams //	many who dwell in Kapilavastu,
['BO_K06_D0034_H0035:405a-17']	de nas dge slong ston pas pos //	de nas dge slong ston pas pos //	Then the monk teacher should
['BO_K06_D0034_H0035:405a-18']	bstan la dga' ba'i nyan thos rnams //	bstan la dga' ba'i nyan thos rnams //	call out to the Å›rÄvakas who delight in the teachings.
['BO_K06_D0034_H0035:405a-19']	lha yi tshogs rnams 'ongs nas ni //	lha yi tshogs rnams 'ongs nas ni //	The assembly of gods will come
['BO_K06_D0034_H0035:405a-20']	dge slong rnams kyis de shes bya //	dge slong rnams kyis de shes bya //	and the monks should know this.
['BO_K06_D0034_H0035:405a-21']	lus ni gdung bar ma byed par //	lus ni gdung bar ma byed par //	Do not torment your body,
['BO_K06_D0034_H0035:405a-22']	sangs rgyas bstan pa thos pas so //	sangs rgyas bstan pa thos pas so //	but listen to the teachings of the Buddha.
['BO_K06_D0034_H0035:405a-23']	de rnams ye shes snang bar 'gyur //	de rnams ye shes snang bar 'gyur //	They will attain the light of wisdom
['BO_K06_D0034_H0035:405a-24', 'BO_K06_D0034_H0035:405a-25']	mi ma yin rnams mthong 'gyur ba //ğŸ”½gang zhig gis ni brgya mthong zhing //	mi ma yin rnams mthong 'gyur ba // gang zhig gis ni brgya mthong zhing //	and see the non-humans.ğŸ”½Those who see hundreds
['BO_K06_D0034_H0035:405a-26']	stong dang bdun cu mthong ba yin //	stong dang bdun cu mthong ba yin //	and those who see thousands and seven hundred,
['BO_K06_D0034_H0035:405a-27']	brgya dang stong phrag gcig dang ni //	brgya dang stong phrag gcig dang ni //	those who see hundreds and thousands,
['BO_K06_D0034_H0035:405a-28']	mi ma yin rnams mthong bar 'gyur //	mi ma yin rnams mthong bar 'gyur //	will see the non-humans.
['BO_K06_D0034_H0035:405a-29']	gang zhig gis ni mtha' med mthong //	gang zhig gis ni mtha' med mthong //	Those who see the limitless
['BO_K06_D0034_H0035:405b-0']	@405b phyogs kun gang bar 'gyur ba mthong //	@405b phyogs kun gang bar 'gyur ba mthong //	and those who see the entire direction,
['BO_K06_D0034_H0035:405b-1']	de rnams kyis ni rtogs pa dang // spyan ldan rnam bar dpyad nas ni //	de rnams kyis ni rtogs pa dang // spyan ldan rnam bar dpyad nas ni //	having analyzed with realization and eyes,
['BO_K06_D0034_H0035:405b-2']	de phyir ston pa yis ni bos //	de phyir ston pa yis ni bos //	therefore the teacher calls out.
['BO_K06_D0034_H0035:405b-3']	bstan la dga' ba'i nyan thos kyis //	bstan la dga' ba'i nyan thos kyis //	The Å›rÄvakas who delight in the teachings
['BO_K06_D0034_H0035:405b-4']	lha yi tshogs rnams 'ongs nas ni //	lha yi tshogs rnams 'ongs nas ni //	and the assembly of gods who have come,
['BO_K06_D0034_H0035:405b-5']	dge slong rnams kyis de shes bya //	dge slong rnams kyis de shes bya //	The monks should know this.
['BO_K06_D0034_H0035:405b-6']	gang zhig la ni bdag bshad bya //	gang zhig la ni bdag bshad bya //	To whom should I explain it?
['BO_K06_D0034_H0035:405b-7']	go rim bzhin du mnyan par gyis //	go rim bzhin du mnyan par gyis //	Listen in order.
['BO_K06_D0034_H0035:405b-8']	stong phrag bdun gyi gnod sbyin rnams //	stong phrag bdun gyi gnod sbyin rnams //	The yakshas of the seven thousand
['BO_K06_D0034_H0035:405b-9']	ser skya'i sa la gnas pa ni //	ser skya'i sa la gnas pa ni //	dwell in Kapilavastu,
['BO_K06_D0034_H0035:405b-10']	rdzu 'phrul ldan zhing 'od dang ldan //	rdzu 'phrul ldan zhing 'od dang ldan //	endowed with magical power, endowed with light,
['BO_K06_D0034_H0035:405b-11']	kha dog dang ni grags par ldan //	kha dog dang ni grags par ldan //	endowed with color and fame.
['BO_K06_D0034_H0035:405b-12']	chos gtam bya phyir 'dir 'ongs te //	chos gtam bya phyir 'dir 'ongs te //	They have come here to discuss the Dharma
['BO_K06_D0034_H0035:405b-13']	zhi bas dge slong tshal du'o //	zhi bas dge slong tshal du'o //	in the peaceful grove of monks.
['BO_K06_D0034_H0035:405b-14']	stong phrag drug ni gangs can gyi //	stong phrag drug ni gangs can gyi //	The six thousand snow mountain
['BO_K06_D0034_H0035:405b-15']	gnod sbyin kha dog sna tshogs lus //	gnod sbyin kha dog sna tshogs lus //	yakshas have various colored bodies,
['BO_K06_D0034_H0035:405b-16']	rdzu 'phrul ldan zhing 'od dang ldan //	rdzu 'phrul ldan zhing 'od dang ldan //	endowed with magical power, endowed with light,
['BO_K06_D0034_H0035:405b-17']	kha dog dang ni grags par ldan //	kha dog dang ni grags par ldan //	endowed with color and fame.
['BO_K06_D0034_H0035:405b-18']	chos gtam bya phyir 'dir 'ongs te //	chos gtam bya phyir 'dir 'ongs te //	They have come here to discuss the Dharma
['BO_K06_D0034_H0035:405b-19']	zhi ba dge slong tshal du'o //	zhi ba dge slong tshal du'o //	in the peaceful grove of monks.
['BO_K06_D0034_H0035:405b-20']	sna tshogs bshes gnyen lnga brgya po //	sna tshogs bshes gnyen lnga brgya po //	The five hundred various friends
['BO_K06_D0034_H0035:405b-21']	gnod sbyin kha dog sna tshogs lus //	gnod sbyin kha dog sna tshogs lus //	have yaksha bodies of various colors,
['BO_K06_D0034_H0035:405b-22']	rdzu 'phrul ldan zhing 'od dang ldan //	rdzu 'phrul ldan zhing 'od dang ldan //	endowed with magical power, endowed with light,
['BO_K06_D0034_H0035:405b-23']	kha dog dang ni grags par ldan //	kha dog dang ni grags par ldan //	endowed with color and fame.
['BO_K06_D0034_H0035:405b-24', 'BO_K06_D0034_H0035:405b-25']	chos gtam bya phyir 'dir 'ongs te //ğŸ”½zhi bas dge slong tshal du'o //	chos gtam bya phyir 'dir 'ongs te // zhi bas dge slong tshal du'o //	I have come here to speak on the Dharma.
['BO_K06_D0034_H0035:405b-26']	rgyal khab gnod sbyin chu srin ni //	rgyal khab gnod sbyin chu srin ni //	The ÅšÄkyas, the nÄgas, and the rÄká¹£asas
['BO_K06_D0034_H0035:405b-27']	ngos yangs ri la gnas pa yin //	ngos yangs ri la gnas pa yin //	dwell in the mountains with vast slopes.
['BO_K06_D0034_H0035:405b-28']	stobs ldan 'bum phrag gcig po ni; ;gnod sbyin rnams kyi 'khor gyis bskor //	stobs ldan 'bum phrag gcig po ni; ;gnod sbyin rnams kyi 'khor gyis bskor //	The powerful one, surrounded by an assembly of a hundred thousand yaká¹£as,
['BO_K06_D0034_H0035:405b-29']	rgyal khab gnod sbyin chu srin ni //	rgyal khab gnod sbyin chu srin ni //	the ÅšÄkyas, the nÄgas, and the rÄká¹£asas,
['BO_K06_D0034_H0035:405b-30']	zhi bas dge slong tshal du'o //	zhi bas dge slong tshal du'o //	has come to the grove of the peaceful monksğŸ”½to speak on the Dharma.
['BO_K06_D0034_H0035:405b-31']	shar phyogs kyi ni rgyal po ni //	shar phyogs kyi ni rgyal po ni //	The king of the eastern direction
['BO_K06_D0034_H0035:406a-0']	ming ni yul 'khor srung @406a *//	ming ni yul 'khor srung @406a *//	is called Dhá¹›tarÄá¹£á¹­ra,
['BO_K06_D0034_H0035:406a-1']	zhes pa // dri za rnams kyi bdag po ste //	zhes pa // dri za rnams kyi bdag po ste //	the lord of the gandharvas,
['BO_K06_D0034_H0035:406a-2']	rgyal po chen po grags chen ldan //	rgyal po chen po grags chen ldan //	a great king with great fame.
['BO_K06_D0034_H0035:406a-3']	de yi bu ni mang po rnams //	de yi bu ni mang po rnams //	His many sons
['BO_K06_D0034_H0035:406a-4']	ming ni gcig tu thos pa ste //	ming ni gcig tu thos pa ste //	are all known by the same name,
['BO_K06_D0034_H0035:406a-5']	dbang po zhes bya stobs chen po //	dbang po zhes bya stobs chen po //	Indra, of great strength,
['BO_K06_D0034_H0035:406a-6']	rdzu 'phrul ldan zhing 'od dang ldan //	rdzu 'phrul ldan zhing 'od dang ldan //	possessing magical powers and light,
['BO_K06_D0034_H0035:406a-7']	kha dog dang ni grags par ldan //	kha dog dang ni grags par ldan //	possessing color and fame,
['BO_K06_D0034_H0035:406a-8']	chos gtam bya phyir 'dir 'ongs te //	chos gtam bya phyir 'dir 'ongs te //	have come here to speak on the Dharma.ğŸ”½The ÅšÄkyas, the nÄgas, and the rÄká¹£asas
['BO_K06_D0034_H0035:406a-9']	zhi bas dge slong tshal du'o //	zhi bas dge slong tshal du'o //	have come to the grove of the peaceful monksğŸ”½to speak on the Dharma.
['BO_K06_D0034_H0035:406a-10']	lho yi phyogs kyi 'ang rgyal po ni //	lho yi phyogs kyi 'ang rgyal po ni //	The king of the southern direction
['BO_K06_D0034_H0035:406a-11']	ming ni 'phags skyes po zhes bya //	ming ni 'phags skyes po zhes bya //	His name was VirÅ«á¸haka.
['BO_K06_D0034_H0035:406a-12']	grul bum rnams kyi bdag po ste //	grul bum rnams kyi bdag po ste //	He was the lord of the kumbhÄá¹‡á¸as,
['BO_K06_D0034_H0035:406a-13']	rgyal po chen po grags chen ldan //	rgyal po chen po grags chen ldan //	a great king of great fame.
['BO_K06_D0034_H0035:406a-14']	de yi bu ni mang po rnams //	de yi bu ni mang po rnams //	His many sonsğŸ”½were all known by the same name,
['BO_K06_D0034_H0035:406a-15']	ming ni gcig tu thos pa ste; ;dbang po zhes bya stobs chen po //	ming ni gcig tu thos pa ste; ;dbang po zhes bya stobs chen po //	Indra, of great strength,
['BO_K06_D0034_H0035:406a-16']	rdzu 'phrul ldan zhing 'od dang ldan //	rdzu 'phrul ldan zhing 'od dang ldan //	endowed with magical power, endowed with light,
['BO_K06_D0034_H0035:406a-17', 'BO_K06_D0034_H0035:406a-18']	kha dog dang ni grags par ldan //ğŸ”½chos gtam bya phyir 'dir 'ongs te //	kha dog dang ni grags par ldan // chos gtam bya phyir 'dir 'ongs te //	endowed with color and fame.ğŸ”½They came here to the forestğŸ”½to speak about the Dharma with the monks.
['BO_K06_D0034_H0035:406a-19']	zhi bas dge slong tshal du'o; ;nub kyi phyogs kyi rgyal po ni //	zhi bas dge slong tshal du'o; ;nub kyi phyogs kyi rgyal po ni //	The king of the western direction
['BO_K06_D0034_H0035:406a-20']	ming ni mig mi bzang zhes grags //	ming ni mig mi bzang zhes grags //	was known by the name VirÅ«pÄká¹£a.
['BO_K06_D0034_H0035:406a-21']	klu rnams kyi ni bdag po ste //	klu rnams kyi ni bdag po ste //	He was the lord of the nÄgas,
['BO_K06_D0034_H0035:406a-22']	rgyal po chen po grags chen ldan //	rgyal po chen po grags chen ldan //	a great king of great fame.
['BO_K06_D0034_H0035:406a-23']	de yi bu ni mang po rnams //	de yi bu ni mang po rnams //	His many sons
['BO_K06_D0034_H0035:406a-24', 'BO_K06_D0034_H0035:406a-25']	ming ni gcig tu thos pa ste //ğŸ”½dbang po zhes bya stobs dang ldan //	ming ni gcig tu thos pa ste // dbang po zhes bya stobs dang ldan //	were all known by the same name,ğŸ”½Indra, of great strength,
['BO_K06_D0034_H0035:406a-26']	rdzu 'phrul ldan zhing stobs dang ldan //	rdzu 'phrul ldan zhing stobs dang ldan //	endowed with magical power, endowed with strength,
['BO_K06_D0034_H0035:406a-27']	kha dog dang ni grags par ldan //	kha dog dang ni grags par ldan //	endowed with color and fame.
['BO_K06_D0034_H0035:406a-28']	chos gtam bya phyir 'dir 'ongs te //	chos gtam bya phyir 'dir 'ongs te //	They came here to speak about the Dharma,
['BO_K06_D0034_H0035:406a-29']	zhi bas dge slong tshal du'o //	zhi bas dge slong tshal du'o //	Åšiva in the forest of the monks.
['BO_K06_D0034_H0035:406a-30']	byang gi phyogs kyi rgyal po ni //	byang gi phyogs kyi rgyal po ni //	The king of the northern direction
['BO_K06_D0034_H0035:406a-31']	de ming lus ngan po zhes grags //	de ming lus ngan po zhes grags //	is known by the name Kubera.
['BO_K06_D0034_H0035:406a-32']	gnod sbyin rnams kyi bdag po ste //	gnod sbyin rnams kyi bdag po ste //	He is the lord of the yaká¹£as,
['BO_K06_D0034_H0035:406a-33']	rgyal po chen po grags chen ldan //	rgyal po chen po grags chen ldan //	a great king with great fame.
['BO_K06_D0034_H0035:406b-0']	de yi bu ni mang po @406b rnams //	de yi bu ni mang po @406b rnams //	His many sons
['BO_K06_D0034_H0035:406b-1']	ming ni gcig tu thos pa ste //	ming ni gcig tu thos pa ste //	are heard to have the same name,
['BO_K06_D0034_H0035:406b-2']	dbang po zhes bya stobs chen po //	dbang po zhes bya stobs chen po //	called Indra, of great strength,
['BO_K06_D0034_H0035:406b-3']	rdzu 'phrul ldan zhing 'od dang ldan //	rdzu 'phrul ldan zhing 'od dang ldan //	possessing miraculous powers and light,
['BO_K06_D0034_H0035:406b-4']	kha dog dang ni grags par ldan //	kha dog dang ni grags par ldan //	possessing color and fame,
['BO_K06_D0034_H0035:406b-5']	chos gtam bya phyir 'dir 'ongs to //	chos gtam bya phyir 'dir 'ongs to //	have come here to discuss the Dharma.
['BO_K06_D0034_H0035:406b-6', 'BO_K06_D0034_H0035:406b-7']	zhi bas dge slong tshal du'o //ğŸ”½shar phyogs na ni yul 'khor skyong //	zhi bas dge slong tshal du'o // shar phyogs na ni yul 'khor skyong //	Åšiva in the forest of the monks.ğŸ”½In the east is Dhá¹›tarÄá¹£á¹­ra,
['BO_K06_D0034_H0035:406b-8', 'BO_K06_D0034_H0035:406b-9']	lho phyogs na ni 'phags skyes po //ğŸ”½nub phyogs na ni mig mi bzang //	lho phyogs na ni 'phags skyes po // nub phyogs na ni mig mi bzang //	in the south is VirÅ«á¸haka,ğŸ”½in the west is VirÅ«pÄká¹£a,
['BO_K06_D0034_H0035:406b-10']	byang phyogs na ni lus ngan po //	byang phyogs na ni lus ngan po //	and in the north is Kubera.
['BO_K06_D0034_H0035:406b-11']	de rnams rgyal po chen po bzhi //	de rnams rgyal po chen po bzhi //	Those are the four great kings
['BO_K06_D0034_H0035:406b-12']	phyogs rnams bzhi po kun du'o //	phyogs rnams bzhi po kun du'o //	in all four directions.
['BO_K06_D0034_H0035:406b-13']	gzi brjid 'bar bas 'khod na ni //	gzi brjid 'bar bas 'khod na ni //	Residing with blazing splendor
['BO_K06_D0034_H0035:406b-14']	ser skya'i gzhi yi tshal du'o //	ser skya'i gzhi yi tshal du'o //	in the Kapilavastu forest.
['BO_K06_D0034_H0035:406b-15']	de rnams sgyu ma rtsed mo bsams //	de rnams sgyu ma rtsed mo bsams //	They thought, These are like magical illusions and games.
['BO_K06_D0034_H0035:406b-16']	drung ldan rnams ni nam mkhar 'khod //	drung ldan rnams ni nam mkhar 'khod //	 Those who had retinues remained in the sky.
['BO_K06_D0034_H0035:406b-17']	sgyu ma sku den+ya bee da nu //	sgyu ma sku den+ya bee da nu //	That illusory body was like a sapphire.
['BO_K06_D0034_H0035:406b-18']	biryatstsha birya do bcas //	biryatstsha birya do bcas //	He was endowed with the strength of perseverance,ğŸ”½with sandalwood, with supreme desire,ğŸ”½with a beautiful neck, with a determined neck,ğŸ”½with one who became the guru of beings,
['BO_K06_D0034_H0035:406b-19']	tsan dan dang 'dod mchog dang // mgul pa mdzes dang mgul nges dang // skye dgu'i bla mar gyur pa dang // lha las byung ba'i kha lo pa //	tsan dan dang 'dod mchog dang // mgul pa mdzes dang mgul nges dang // skye dgu'i bla mar gyur pa dang // lha las byung ba'i kha lo pa //	with a charioteer who arose from the gods.
['BO_K06_D0034_H0035:406b-20']	dri za sna tshogs sde dang ni //	dri za sna tshogs sde dang ni //	He was with the gandharva ViÅ›Äkha,ğŸ”½with the human king Jayeá¹£á¹­hin,
['BO_K06_D0034_H0035:406b-21']	mi rgyal rgyal ba'i khyu mchog dang // mdun du rtse mo lnga de bzhin //	mi rgyal rgyal ba'i khyu mchog dang // mdun du rtse mo lnga de bzhin //	with the five peaks in front,ğŸ”½with the sun's rays, with the king of that and others,
['BO_K06_D0034_H0035:406b-22']	g-yer ma dang ni nyi zer dang // de dang gzhan gyi rgyal po rnams //	g-yer ma dang ni nyi zer dang // de dang gzhan gyi rgyal po rnams //	with the king and the gandharvas,
['BO_K06_D0034_H0035:406b-23']	rgyal po dri za dang bcas dang // chos gtam bya phyir 'dir 'ongs nas //	rgyal po dri za dang bcas dang // chos gtam bya phyir 'dir 'ongs nas //	having come here to speak about the Dharma,
['BO_K06_D0034_H0035:406b-24']	zhi bas dge slong tshal du'o //	zhi bas dge slong tshal du'o //	peacefully in the forest of the monks.ğŸ”½Then, furthermore, the nÄgas of the sky,
['BO_K06_D0034_H0035:406b-25']	de nas gzhan yang nam mkha'i klu //	de nas gzhan yang nam mkha'i klu //	together with those of VaiÅ›ÄlÄ«,ğŸ”½with the supreme of those who wear white,
['BO_K06_D0034_H0035:406b-26']	yangs pa can du lhan cig nas //	yangs pa can du lhan cig nas //	with Subhadra together with his relatives,ğŸ”½with Yama, with RÄá¹£á¹­rapÄla,
['BO_K06_D0034_H0035:406b-27']	la ba rti? yi mchog dang ni //	la ba rti? yi mchog dang ni //	with the king of the nÄgas,ğŸ”½with the king of the nÄgas Nanda,ğŸ”½with the king of the nÄgas Upananda,
['BO_K06_D0034_H0035:406b-28']	rab 'gro gnyen dang lhan cig ba //	rab 'gro gnyen dang lhan cig ba //	with the king of the nÄgas Anavatapta,ğŸ”½with the king of the nÄgas Taká¹£aka,ğŸ”½with the king of the nÄgas Manasvin,
['BO_K06_D0034_H0035:406b-29']	ya mu na dang yul 'khor skyong //	ya mu na dang yul 'khor skyong //	with the king of the nÄgas VÄsuki,ğŸ”½with the king of the nÄgas Åšaá¹…khapÄla,ğŸ”½with the king of the nÄgas MahÄpadma,ğŸ”½with the king of the nÄgas Padma,ğŸ”½with the king of the nÄgas MahÄpadma,ğŸ”½with the king of the nÄgas MahÄpadma,ğŸ”½with the king of the nÄgas MahÄpadma,ğŸ”½with the king of the nÄgas MahÄpadma,ğŸ”½with the king of the nÄgas MahÄpadma,ğŸ”½with the king of the nÄgas MahÄpadma,ğŸ”½with the king of the nÄgas MahÄpadma,ğŸ”½with the king of the nÄgas MahÄpadma,ğŸ”½with the king of the nÄgas MahÄpadma,ğŸ”½with the king of the nÄgas MahÄpadma,ğŸ”½with the king of the nÄgas MahÄpadma,ğŸ”½with the king of the nÄgas MahÄpadma,ğŸ”½with the king of the nÄgas MahÄpadma,ğŸ”½with the king of the nÄ
['BO_K06_D0034_H0035:406b-30']	klu yi spun dang grags ldan dang // sa srung glang po chen po rnams //	klu yi spun dang grags ldan dang // sa srung glang po chen po rnams //	The nÄga brothers, YaÅ›as, and the great earth-protecting elephants,
['BO_K06_D0034_H0035:406b-31']	de yang nags kyi tshal du'o //	de yang nags kyi tshal du'o //	they too are in the forest grove.
['BO_K06_D0034_H0035:407a-0']	gang @407a *// zhig klu rgyal myur du len //	gang @407a *// zhig klu rgyal myur du len //	Whoever quickly takes the nÄga king,
['BO_K06_D0034_H0035:407a-1']	lha dang bya dang rnam dag mig /	lha dang bya dang rnam dag mig /	the gods, the birds, and the pure-eyed ones,
['BO_K06_D0034_H0035:407a-2']	nam mkha' las 'ongs tshal der sleb //	nam mkha' las 'ongs tshal der sleb //	having come from the sky, arrive in that grove.
['BO_K06_D0034_H0035:407a-3']	sna tshogs 'dab bzang zhes de'i ming //	sna tshogs 'dab bzang zhes de'i ming //	His name is Various Beautiful Wings.
['BO_K06_D0034_H0035:407a-4']	'jigs med byin pas klu yi rgyal //	'jigs med byin pas klu yi rgyal //	Through fearless giving, the nÄga king
['BO_K06_D0034_H0035:407a-5']	mkha' lding bzod pa rtogs bas so //	mkha' lding bzod pa rtogs bas so //	is understood to be patient like a garuá¸a.
['BO_K06_D0034_H0035:407a-6']	phan tshun du ni mi rtsod cing //	phan tshun du ni mi rtsod cing //	Not disputing with each other,
['BO_K06_D0034_H0035:407a-7']	klu khyung sangs rgyas skyabs 'gro ba //	klu khyung sangs rgyas skyabs 'gro ba //	the nÄgas and garuá¸as go for refuge to the Buddha.
['BO_K06_D0034_H0035:407a-8']	rdo rje lag gis rgyal ba dang // lha ma yin ni rgya mtshor gnas //	rdo rje lag gis rgyal ba dang // lha ma yin ni rgya mtshor gnas //	With vajra hands, the conqueror and the demigods dwell in the ocean.
['BO_K06_D0034_H0035:407a-9']	spun rnams de yi gnas dang ni //	spun rnams de yi gnas dang ni //	The brothers are in their abode.
['BO_K06_D0034_H0035:407a-10']	gzi brjid ldan zhing grags dang ldan //	gzi brjid ldan zhing grags dang ldan //	Endowed with splendor and fame,
['BO_K06_D0034_H0035:407a-11']	nag po mig sman 'jigs byed ldan //	nag po mig sman 'jigs byed ldan //	the dark one has fearful eyes.ğŸ”½The demigods are wrathful,
['BO_K06_D0034_H0035:407a-12']	lha ma yin rnams khro byed dang // thags bzang dang ni thags bzang ris //	lha ma yin rnams khro byed dang // thags bzang dang ni thags bzang ris //	Vá¹›tra and Vá¹›trahan,
['BO_K06_D0034_H0035:407a-13']	mtshan 'joms na mo tsi dang bcas //	mtshan 'joms na mo tsi dang bcas //	with Namuci, the destroyer of signs.
['BO_K06_D0034_H0035:407a-14']	stobs kyi bu ni brgya po rnams //	stobs kyi bu ni brgya po rnams //	The sons of strength, the hundred,
['BO_K06_D0034_H0035:407a-15']	thams cad rnam par snang mdzad ming //	thams cad rnam par snang mdzad ming //	all of them named Vairocana,ğŸ”½the army of strength, the armor,
['BO_K06_D0034_H0035:407a-16']	stobs kyi sde ni go bgos pa; ;sgra gcan bzang po sdun du 'gro /	stobs kyi sde ni go bgos pa; ;sgra gcan bzang po sdun du 'gro /	RÄhu, the good one, going in front,
['BO_K06_D0034_H0035:407a-17']	btsun pa de ni 'dus nas ni //	btsun pa de ni 'dus nas ni //	the reverend one, having assembled,
['BO_K06_D0034_H0035:407a-18']	zhi bas dge slong tshal du'o //	zhi bas dge slong tshal du'o //	in the grove of monks, with peace.
['BO_K06_D0034_H0035:407a-19']	chu dang lha dang sa dang ni //	chu dang lha dang sa dang ni //	Water, gods, earth,
['BO_K06_D0034_H0035:407a-20']	me dang rlung yang der 'ongs so //	me dang rlung yang der 'ongs so //	and fire, wind also came there.
['BO_K06_D0034_H0035:407a-21']	chu lha chu yi lha dang ni //	chu lha chu yi lha dang ni //	The water god, the god of water,
['BO_K06_D0034_H0035:407a-22']	zla ba dang ni grags par ldan //	zla ba dang ni grags par ldan //	the moon, and the one endowed with fame,ğŸ”½the god endowed with the assembly of love and compassion,
['BO_K06_D0034_H0035:407a-23']	byams dang snying rje'i tshogs can dang // lha ni grags ldan mdun du'o //	byams dang snying rje'i tshogs can dang // lha ni grags ldan mdun du'o //	the famous god in front,
['BO_K06_D0034_H0035:407a-24']	phyogs bcu'i 'jig rten tshogs rnams ni //	phyogs bcu'i 'jig rten tshogs rnams ni //	the assemblies of the worlds of the ten directions,
['BO_K06_D0034_H0035:407a-25']	thams cad kha dog sna tshogs lus //	thams cad kha dog sna tshogs lus //	all of them with various colored bodies,
['BO_K06_D0034_H0035:407a-26']	rdzu 'phrul ldan zhing 'od dang ldan //	rdzu 'phrul ldan zhing 'od dang ldan //	endowed with miracles, endowed with light,
['BO_K06_D0034_H0035:407a-27']	kha dog dang ni grags par ldan //	kha dog dang ni grags par ldan //	endowed with color and fame,
['BO_K06_D0034_H0035:407a-28']	chos gtam bya phyir 'dir 'ongs te //	chos gtam bya phyir 'dir 'ongs te //	having come here to speak about the Dharma,
['BO_K06_D0034_H0035:407a-29']	zhi bas dge slong tshal du'o //	zhi bas dge slong tshal du'o //	in the grove of monks, with peace.
['BO_K06_D0034_H0035:407b-0']	khyab @407b 'jug lha dang lhan cig tu //	khyab @407b 'jug lha dang lhan cig tu //	Viá¹£á¹‡u, together with the gods,
['BO_K06_D0034_H0035:407b-1']	tha dad tha dad 'ongs pa dang // zla ba de yi 'khor gyi lha //	tha dad tha dad 'ongs pa dang // zla ba de yi 'khor gyi lha //	of the gods of the retinue of the sun,ğŸ”½with the sun in front,ğŸ”½and the gods of the retinue of the lunar mansions,
['BO_K06_D0034_H0035:407b-2']	zla ba'i mdun byas 'khor dang ni //	zla ba'i mdun byas 'khor dang ni //	with the lunar mansions in front,ğŸ”½and the gods of the retinue of the planets,ğŸ”½with the planets in front,ğŸ”½and the gods of the retinue of the directions,ğŸ”½with the directions in front,
['BO_K06_D0034_H0035:407b-3']	nyi ma'i 'khor gyi lha rnams dang // nyi ma'i mdun byas 'khor dang ni //	nyi ma'i 'khor gyi lha rnams dang // nyi ma'i mdun byas 'khor dang ni //	and the gods of the retinue of the world,ğŸ”½with the world in front,
['BO_K06_D0034_H0035:407b-4']	rgyu skar de yi 'khor dang yang //	rgyu skar de yi 'khor dang yang //	and the gods of the retinue of the world systems,ğŸ”½with the world systems in front,ğŸ”½and the gods of the retinue of the world systems of the ten directions,ğŸ”½with the world systems of the ten directions in front,ğŸ”½and the gods of the retinue of the world systems of the three times,ğŸ”½with the world systems of the three times in front,ğŸ”½and the gods of the retinue of the world systems of the three times of the ten directions,
['BO_K06_D0034_H0035:407b-5']	mdun byas pa la ha ka dang // sa dang sa yi gtso bo dang // brgya byin yang yang sbyin pa dang // phyogs bcu'i 'jig rten tshogs rnams dang // thams cad kha dog sna tshogs lus //	mdun byas pa la ha ka dang // sa dang sa yi gtso bo dang // brgya byin yang yang sbyin pa dang // phyogs bcu'i 'jig rten tshogs rnams dang // thams cad kha dog sna tshogs lus //	with the world systems of the three times of the ten directions in front,
['BO_K06_D0034_H0035:407b-6', 'BO_K06_D0034_H0035:407b-7']	rdzu 'phrul ldan zhing 'od dang ldan //ğŸ”½kha dog dang ni grags par ldan //	rdzu 'phrul ldan zhing 'od dang ldan // kha dog dang ni grags par ldan //	and the gods of the retinue of the world systems of the three times of the three times,
['BO_K06_D0034_H0035:407b-8', 'BO_K06_D0034_H0035:407b-9']	chos gtam bya phyir 'dir 'ongs te //ğŸ”½zhi bas dge slong tshal du'o //	chos gtam bya phyir 'dir 'ongs te // zhi bas dge slong tshal du'o //	with the world systems of the three times of the three times in front,
['BO_K06_D0034_H0035:407b-10', 'BO_K06_D0034_H0035:407b-11']	de nas nyer spyod lha dang ni //ğŸ”½chu dang me yi rtse mo bzhin //	de nas nyer spyod lha dang ni // chu dang me yi rtse mo bzhin //	and the gods of the retinue of the world systems of the three times of the three times of the ten directions,ğŸ”½with the world systems of the three times of the three times of the ten directions in front,ğŸ”½and the gods of the retinue of the world systems of the three times of the three times of the three times,
['BO_K06_D0034_H0035:407b-12']	sgra ldan snang bar byed pa dang // au ma'i me tog de bzhin du //	sgra ldan snang bar byed pa dang // au ma'i me tog de bzhin du //	with the world systems of the three times of the three times of the three times in front,
['BO_K06_D0034_H0035:407b-13']	chu lha dang bcas chos dang ni //	chu lha dang bcas chos dang ni //	and the gods of the retinue of the world systems of the three times of the three times of the three times of the ten directions,ğŸ”½with the world systems of the three times of the three times of the three times of the ten directions in front,ğŸ”½and the gods of the retinue of the world systems of the three times of the three times of the three times of the three times,ğŸ”½with the world systems of the three times of the three times of the three times of the three times in front,ğŸ”½and the gods of the retinue of the world systems of the three times of the three times of the three times of the three times of the ten directions,ğŸ”½with the world systems of the three times of the three
['BO_K06_D0034_H0035:407b-14']	aatstsu ta dang du ma rnams //	aatstsu ta dang du ma rnams //	Atsaá¹­a and the many
['BO_K06_D0034_H0035:407b-15']	bzang len mdzes pa'i mdun dang ni //	bzang len mdzes pa'i mdun dang ni //	In front of the beautiful one,
['BO_K06_D0034_H0035:407b-16']	mdun dang gnas dang du ma dang // phyogs bcu'i 'jig rten tshogs dang ni //	mdun dang gnas dang du ma dang // phyogs bcu'i 'jig rten tshogs dang ni //	In front, in the abode, and in the many, and in the assembly of the worlds of the ten directions,
['BO_K06_D0034_H0035:407b-17']	thams cad kha dog sna tshogs lus //	thams cad kha dog sna tshogs lus //	All with various colored bodies,ğŸ”½Possessing miracles and light,
['BO_K06_D0034_H0035:407b-18']	rdzu 'phrul ldan zhing 'od dang ldan //	rdzu 'phrul ldan zhing 'od dang ldan //	Possessing color and fame,ğŸ”½Have come here to speak the Dharma,ğŸ”½Peacefully, in the forest of monks.ğŸ”½The assembly and the great assembly,ğŸ”½Humans and the best of humans,ğŸ”½In front of the stage of play, in the supreme mind, in the peak of existence,ğŸ”½Then the gods worthy of worship, and those wearing red garments,ğŸ”½The great ones who have gone to the other shore, the greatly famous gods,ğŸ”½In front of the gods, and in the assembly of the worlds of the ten directions,ğŸ”½All with various colored bodies,ğŸ”½Possessing miracles and light,
['BO_K06_D0034_H0035:407b-19']	kha dog dang ni grags par ldan //	kha dog dang ni grags par ldan //	Possessing color and fame,
['BO_K06_D0034_H0035:407b-20']	chos gtam bya phyir 'dir 'ongs te //	chos gtam bya phyir 'dir 'ongs te //	Have come here to speak the Dharma,
['BO_K06_D0034_H0035:407b-21']	zhi bas dge slong tshal du'o //	zhi bas dge slong tshal du'o //	Peacefully, in the forest of monks.
['BO_K06_D0034_H0035:407b-22']	'dus dang 'dus pa chen po ni //	'dus dang 'dus pa chen po ni //	The assembly and the great assembly,
['BO_K06_D0034_H0035:407b-23']	mi dang mi yi mchog dang ni //	mi dang mi yi mchog dang ni //	Humans and the best of humans,
['BO_K06_D0034_H0035:407b-24']	rol pa'i go 'phang mdun du dang // yid mchog dang ni go 'phang rtse //	rol pa'i go 'phang mdun du dang // yid mchog dang ni go 'phang rtse //	In front of the stage of play, in the supreme mind, in the peak of existence,ğŸ”½Then the gods worthy of worship, and those wearing red garments,
['BO_K06_D0034_H0035:408a-0']	de nas lha yi mchod 'os dang // gang yang dmar po'i gos gyon dang // pha rol pha rol son chen dang // grags chen lha @408a *//	de nas lha yi mchod 'os dang // gang yang dmar po'i gos gyon dang // pha rol pha rol son chen dang // grags chen lha @408a *//	The great ones who have gone to the other shore, the greatly famous gods,
['BO_K06_D0034_H0035:408a-1']	yi mdun gnas dang // phyogs bcu'i 'jig rten tshogs dang ni //	yi mdun gnas dang // phyogs bcu'i 'jig rten tshogs dang ni //	In front of the gods, and in the assembly of the worlds of the ten directions,ğŸ”½All with various colored bodies,ğŸ”½Possessing miracles and light,
['BO_K06_D0034_H0035:408a-2']	thams cad kha dog sna tshogs lus //	thams cad kha dog sna tshogs lus //	Possessing color and fame,ğŸ”½Have come here to speak the Dharma,ğŸ”½Peacefully, in the forest of monks.ğŸ”½The assembly and the great assembly,ğŸ”½Humans and the best of humans,ğŸ”½In front of the stage of play, in the supreme mind, in the peak of existence,ğŸ”½Then the gods worthy of worship, and those wearing red garments,ğŸ”½The great ones who have gone to the other shore, the greatly famous gods,ğŸ”½In front of the gods, and in the assembly of the worlds of the ten directions,ğŸ”½All with various colored bodies,ğŸ”½Possessing miracles and light,ğŸ”½Possessing color and fame,
['BO_K06_D0034_H0035:408a-3']	rdzu 'phrul ldan zhing 'od dang ldan //	rdzu 'phrul ldan zhing 'od dang ldan //	Have come here to speak the Dharma,ğŸ”½Peacefully, in the forest of monks.ğŸ”½The assembly and the great assembly,ğŸ”½Humans and the best of humans,ğŸ”½In front of the stage of play, in the supreme mind, in the peak of existence,ğŸ”½Then the gods worthy of worship, and those wearing red garments,ğŸ”½The great ones
['BO_K06_D0034_H0035:408a-4']	kha dog dang ni grags par ldan //	kha dog dang ni grags par ldan //	And endowed with color and fame,
['BO_K06_D0034_H0035:408a-5']	chos gtam bya phyir 'dir 'ongs te //	chos gtam bya phyir 'dir 'ongs te //	Have come here to speak on the Dharma.
['BO_K06_D0034_H0035:408a-6', 'BO_K06_D0034_H0035:408a-7', 'BO_K06_D0034_H0035:408a-8', 'BO_K06_D0034_H0035:408a-9', 'BO_K06_D0034_H0035:408a-10']	zhi bas dge slong tshal du'o //ğŸ”½dkar dang drod dang dmar po dang // sngon bzhugs stugs po lhan cig dang // dkar po 'dzin pa la sogs dang // mkhas pa'i lha ni sngon du 'o //ğŸ”½rtag tu glang chen myos 'brang ba //ğŸ”½'dres pa grags dang ldan pa dang // pradzdzu na no mang po mdun du dang // gang zhig phyogs ni mdzes pa dang // phyogs bcu'i 'jig rten tshogs rnams dang // thams cad kha dog sna tshogs lus //ğŸ”½rdzu 'phrul ldan zhing 'od dang ldan //	zhi bas dge slong tshal du'o // dkar dang drod dang dmar po dang // sngon bzhugs stugs po lhan cig dang // dkar po 'dzin pa la sogs dang // mkhas pa'i lha ni sngon du 'o // rtag tu glang chen myos 'brang ba // 'dres pa grags dang ldan pa dang // pradzdzu na no mang po mdun du dang // gang zhig phyogs ni mdzes pa dang // phyogs bcu'i 'jig rten tshogs rnams dang // thams cad kha dog sna tshogs lus // rdzu 'phrul ldan zhing 'od dang ldan //	The peaceful monks have come to the grove.
['BO_K06_D0034_H0035:408a-11', 'BO_K06_D0034_H0035:408a-12', 'BO_K06_D0034_H0035:408a-13']	kha dog dang ni grags par ldan //ğŸ”½chos gtam bya phyir 'dir 'ongs te //ğŸ”½zhi bas dge slong tshal du 'o //	kha dog dang ni grags par ldan //ğŸ”½chos gtam bya phyir 'dir 'ongs te //ğŸ”½zhi bas dge slong tshal du 'o //	The white, the warm, the red, the blue, the yellow, the green, the black, the tawny, the dark, the light, the dark-blue, the dark-yellow, the dark-green, the dark-black, the dark-tawny, the dark-light, the dark-dark-blue, the dark-dark-yellow, the dark-dark-green, the dark-dark-black, the dark-dark-tawny, the dark-dark-light, the dark-dark-dark-blue, the dark-dark-dark-yellow, the dark-dark-dark-green, the dark-dark-dark-black, the dark-dark-dark-tawny, the dark-dark-dark-light, the dark-dark-dark-dark-blue, the dark-dark-dark-dark-yellow, the dark-dark-dark-dark-green, the dark-dark-dark-dark-black, the dark-dark-dark-dark-tawny, the dark-dark-dark-dark-light, the dark-dark-dark-dark-dark-blue, the dark-dark-dark-dark-dark-yellow, the dark-dark-dark-dark-dark-green, the dark-dark-dark-dark-dark-black, the dark-dark-dark-dark-dark-tawny, the dark-dark-dark-dark-dark-light, the dark-dark-dark-dark-dark-dark-blue, the dark-dark-dark-dark-dark-dark-yellow, the dark-dark-dark-dark-dark-dark-green, the dark-dark-dark-dark-dark-dark-black, the dark-dark-dark-dark-dark-dark-tawny, the dark-dark-dark-dark-dark-dark-light, the dark-dark-dark-dark-dark-dark-dark-blue, the dark-dark-dark-dark-dark-dark-dark-yellow, the dark-dark-dark-dark-dark-dark-dark-green, the dark-dark-dark-dark-dark-dark-dark-black, the dark-dark-dark-dark-dark-dark-dark-tawny,
['BO_K06_D0034_H0035:408a-14']	dge ba dga' ldan 'thab bral dang // grags ldan shing dang ldan pa dang // 'phyang ba gnas dang gtso bo dang // 'od dang bsam pa zhes bya dang // 'phrul dga' ba ni sdun du dang // de nas gzhan 'phrul dbang byed sdun //	dge ba dga' ldan 'thab bral dang // grags ldan shing dang ldan pa dang // 'phyang ba gnas dang gtso bo dang // 'od dang bsam pa zhes bya dang // 'phrul dga' ba ni sdun du dang // de nas gzhan 'phrul dbang byed sdun //	the NirmÄá¹‡arati, the ParanirmitavaÅ›avartin,
['BO_K06_D0034_H0035:408a-15']	phyogs bcu'i 'jig rten tshogs dang ni //	phyogs bcu'i 'jig rten tshogs dang ni //	the assemblies of the worlds of the ten directions,
['BO_K06_D0034_H0035:408a-16']	thams cad kha dog sna tshogs lus //	thams cad kha dog sna tshogs lus //	all with various colored bodies,
['BO_K06_D0034_H0035:408a-17']	rdzu 'phrul ldan zhing 'od dang ldan //	rdzu 'phrul ldan zhing 'od dang ldan //	possessing miracles, possessing light,
['BO_K06_D0034_H0035:408a-18']	chos gtam bya phyir 'dir 'ongs te //	chos gtam bya phyir 'dir 'ongs te //	have come here to speak about the Dharma,
['BO_K06_D0034_H0035:408a-19']	zhi bas dge slong tshal du'o //	zhi bas dge slong tshal du'o //	peacefully, in the forest of monks.
['BO_K06_D0034_H0035:408a-20']	sna tshogs drug po'i sde ba ni //	sna tshogs drug po'i sde ba ni //	The various groups of six,
['BO_K06_D0034_H0035:408b-0']	@408b thams cad kha dog sna tshogs lus //	@408b thams cad kha dog sna tshogs lus //	all with various colored bodies,
['BO_K06_D0034_H0035:408b-1']	ming ni grags dang ldan pa sngon //	ming ni grags dang ldan pa sngon //	formerly had the name of the famous ones,
['BO_K06_D0034_H0035:408b-2']	gang gzhan 'dra ba lhan cig tu //	gang gzhan 'dra ba lhan cig tu //	together with others of similar kind.
['BO_K06_D0034_H0035:408b-3']	ma lus rigs ni brjod pa dang // zag med tshogs ni pha rol rgal //	ma lus rigs ni brjod pa dang // zag med tshogs ni pha rol rgal //	Having expressed the entire lineage, they have crossed to the other shore of the undefiled assembly.
['BO_K06_D0034_H0035:408b-4']	glang chen tshogs ni blta ba dang // zla ba bzhad pa gsum ldan dang // tshangs bzang mchog ni thob pa dang // rdzu 'phrul ldan pa'i bu dang ni //	glang chen tshogs ni blta ba dang // zla ba bzhad pa gsum ldan dang // tshangs bzang mchog ni thob pa dang // rdzu 'phrul ldan pa'i bu dang ni //	attaining the supreme goodness of Brahma, and the son possessing miraculous powers,
['BO_K06_D0034_H0035:408b-5']	de yi dga' ba'i gzhon nu ni //	de yi dga' ba'i gzhon nu ni //	the joyful youth of those,
['BO_K06_D0034_H0035:408b-6']	de rnams zhi bas tshal bu'o; ;tshangs pa'i 'jig rten stong du ni //	de rnams zhi bas tshal bu'o; ;tshangs pa'i 'jig rten stong du ni //	in the thousand worlds of the Brahma realm,
['BO_K06_D0034_H0035:408b-7']	tshangs pa chen po nye bar 'khod //	tshangs pa chen po nye bar 'khod //	the great Brahma is present.
['BO_K06_D0034_H0035:408b-8']	'od dang ldan par skye ba dang // grags ldan sna tshogs lus dang ni //	'od dang ldan par skye ba dang // grags ldan sna tshogs lus dang ni //	Possessing light, born with fame, and various bodies,ğŸ”½the ten lords, previously, and each one having power, in the middle and at the beginning,
['BO_K06_D0034_H0035:408b-9']	dbang phyug bcu po sngon du dang // so so dbang du gyur pa dang // de yi dbus dang sngon du dang // 'phrog ma 'khor dang bcas pa'o //	dbang phyug bcu po sngon du dang // so so dbang du gyur pa dang // de yi dbus dang sngon du dang // 'phrog ma 'khor dang bcas pa'o //	and HÄrÄ«tÄ« with her retinue.
['BO_K06_D0034_H0035:408b-10']	de rnams thams cad 'ongs gyur nas //	de rnams thams cad 'ongs gyur nas //	All of them having come,
['BO_K06_D0034_H0035:408b-11']	dbang po lha dang tshangs bcas 'ongs //	dbang po lha dang tshangs bcas 'ongs //	Indra, BrahmÄ, and the rest have come.
['BO_K06_D0034_H0035:408b-12']	bdud kyi sde rnams 'ongs nas ni //	bdud kyi sde rnams 'ongs nas ni //	The armies of MÄra having come,
['BO_K06_D0034_H0035:408b-13']	goo tam thugs ni blta ba dang // 'di ni zungs shig chings shig brjod //	goo tam thugs ni blta ba dang // 'di ni zungs shig chings shig brjod //	saying, Bind him, tie him up,
['BO_K06_D0034_H0035:408b-14']	tshags pa glang po bcings pa bzhin //	tshags pa glang po bcings pa bzhin //	like a captured elephant,
['BO_K06_D0034_H0035:408b-15']	'khor dang bcas pas bskor nas ni //	'khor dang bcas pas bskor nas ni //	Surrounded by his retinue,
['BO_K06_D0034_H0035:408b-16']	gang du'ang gtong ba ma yin no //	gang du'ang gtong ba ma yin no //	he does not let go anywhere.ğŸ”½There, this is the great bliss,
['BO_K06_D0034_H0035:408b-17']	de la 'di ni bde chen dang // go tam sde la gnod mi nus //	de la 'di ni bde chen dang // go tam sde la gnod mi nus //	and Gautama cannot harm the assembly.ğŸ”½He claps his hands
['BO_K06_D0034_H0035:408b-18']	lag pa thal mo rdebs pa dang // 'jigs par byed pa'i cho nge sgrogs //	lag pa thal mo rdebs pa dang // 'jigs par byed pa'i cho nge sgrogs //	and utters a terrifying cry.ğŸ”½Just as the wind disperses the clouds
['BO_K06_D0034_H0035:408b-19']	ji ltar rlung gis sprin rnams dang // mun nags glog dang bcas pa ni //	ji ltar rlung gis sprin rnams dang // mun nags glog dang bcas pa ni //	and the darkness along with the lightning,
['BO_K06_D0034_H0035:408b-20']	de ma thag tu 'jigs dang bral //	de ma thag tu 'jigs dang bral //	immediately free from fear,
['BO_K06_D0034_H0035:408b-21']	bsam pa khro ba med par gnas //	bsam pa khro ba med par gnas //	he abides without angry thoughts.
['BO_K06_D0034_H0035:409a-0']	lha de rnams thams cad dang / @409a *//	lha de rnams thams cad dang / @409a *//	All those gods,
['BO_K06_D0034_H0035:409a-1']	tshangs pas bcom ldan 'das la phyag byas te bskor ba byas nas de nyid du mi snang bar gyur to //	tshangs pas bcom ldan 'das la phyag byas te bskor ba byas nas de nyid du mi snang bar gyur to //	Brahma having bowed to the Blessed One and circumambulated him, disappeared right there.
['BO_K06_D0034_H0035:409a-2']	bdud kyi sde de rnams kyang cang mi smra ba'i tshul gyis song ngo //	bdud kyi sde de rnams kyang cang mi smra ba'i tshul gyis song ngo //	And that army of Mara also departed in silence.
['BO_K06_D0034_H0035:409a-3']	ston pas nyan thos bstan pa la dga' ba rnams bos te /	ston pas nyan thos bstan pa la dga' ba rnams bos te /	The Teacher, having called the Shravakas who delight in the teachings,
['BO_K06_D0034_H0035:409a-4']	de yang 'jigs pa med byed dang // dag pa'i sangs rgyas bstan pa la //	de yang 'jigs pa med byed dang // dag pa'i sangs rgyas bstan pa la //	he also makes them fearless, in the pure teachings of the Buddha.
['BO_K06_D0034_H0035:409a-5']	'jigs med 'dod chags bral ba ni //	'jigs med 'dod chags bral ba ni //	Fearless, free from desire,
['BO_K06_D0034_H0035:409a-6']	de yi ba spu'ang g-yo ba med //	de yi ba spu'ang g-yo ba med //	His body hair does not move.ğŸ”½He is victorious in all battles,
['BO_K06_D0034_H0035:409a-7']	g-yul ni kun las rgyal ba dang // 'jigs pa 'das shing grags par ldan //	g-yul ni kun las rgyal ba dang // 'jigs pa 'das shing grags par ldan //	has transcended fear, and is renowned.
['BO_K06_D0034_H0035:409a-8']	lha dang lhan cig brjod pa dang // nyan thos rnams ni de gnas so; ;bcom ldan 'das kyis de skad ces bka' stsal pa dang / dge slong de rnams bcom ldan 'das kyis gsungs pa la mngon par bstod do //	lha dang lhan cig brjod pa dang // nyan thos rnams ni de gnas so; ;bcom ldan 'das kyis de skad ces bka' stsal pa dang / dge slong de rnams bcom ldan 'das kyis gsungs pa la mngon par bstod do //	When the Blessed One had spoken, the monks praised the Blessed Oneâ€™s words.
['BO_K06_D0034_H0035:409a-9']	'dus pa chen po'i mdo rdzogs so ////	'dus pa chen po'i mdo rdzogs so ////	This concludes the Great Collection.
['BO_K06_D0034_H0035:409a-10']	pandi ta a'a nanda shr'i'i zhal snga nas mang du thos pa'i lotstsha ba sh'akya'i dge slong nyi ma rgyal mtshan dpal bzang pos skad gnyis smra ba rnams kyi gdan sa gtsug lag khang chen po dpal thar pa gling du bsgyur cing zhus te gtan la phab pa'o //	pandi ta a'a nanda shr'i'i zhal snga nas mang du thos pa'i lotstsha ba sh'akya'i dge slong nyi ma rgyal mtshan dpal bzang pos skad gnyis smra ba rnams kyi gdan sa gtsug lag khang chen po dpal thar pa gling du bsgyur cing zhus te gtan la phab pa'o //	The learned and accomplished master of the two languages, the ÅšÄkya bhiká¹£u Nyima Gyaltsen Palsangpo, translated and finalized this text at the great temple of glorious Tharpa Ling, a seat of bilingual scholars.
['BO_K06_D0034_H0035:409a-11']	sa'i steng du nyi ma dang / zla ba ltar gyur cig /	sa'i steng du nyi ma dang / zla ba ltar gyur cig /	May it be the sun and moon on the face of the earth.
