segmentnr	original	folio	stemmed
BO_NG_0704:0	@#// rgya gar skad du //	0	rgya gar skad du 
BO_NG_0704:1	tsit+ta thun ka lin ma tan tra //	0	tsit+ta thun ka lin ma tan tra 
BO_NG_0704:2	bod skad du //	0	bod skad du 
BO_NG_0704:3	snying zor nag mo'i rgyud ces bya ba //	0	snying zor nag mo brgyud ces byed ba 
BO_NG_0704:4	dpal ldan rdo rje 'dzin pa la //	0	dpal ldan rdo rje dzin ba la 
BO_NG_0704:5	sgo gsum kun nas phyag 'tshal lo //	0	sgo gsum kun nas phyag tshal lo 
BO_NG_0704:6	'di skad bdag gis thos pa'i dus gcig na //	0	di skad bdag gis thos ba dus gcig na 
BO_NG_0704:7	khro bdag phyag na rdo rje la //	0	khro bdag phyag na rdo rje la 
BO_NG_0704:8	thams cad 'dus pa'i ma mos bskor //	0	thams cad du ba ma mos skor 
BO_NG_0704:9	kun gyis bdag nyid khro mo'i rgyal //	0	kun gyis bdag nyid khro mo rgyal 
BO_NG_0704:10	bal mo nag mo kun dug ma //	1	bal mo nag mo kun dug ma 
BO_NG_0704:11	de nyid gnad la bor bas kyang *//	1	de nyid gnad la bor ba kyang 
BO_NG_0704:12	thams cad 'dus pa'i dngos grub thob //	1	thams cad du ba dngos grub thob 
BO_NG_0704:13	de nyid gnad la dbab pa'i phyir //	1	de nyid gnad la bebs ba phyir 
BO_NG_0704:14	dngos grub 'dod pa'i rnal 'byor pas //	1	dngos grub dod ba rnal byor ba 
BO_NG_0704:15	brtag dang sa gzhi gzung bar bya //	1	rtog dang sa gzhi gzung ba byed 
BO_NG_0704:16	brag dmar chol zangs 'dra ba 'am //	1	brag dmar chol zangs dra ba mang 
BO_NG_0704:17	srin mo'i ril pa 'dra ba 'am //	1	srin mo ril ba dra ba mang 
BO_NG_0704:18	yang na mi ro gsar rnying sa //	1	yang na mi ro gsar rnying sa 
BO_NG_0704:19	yang na nyams dga' nyid du bzung *//	1	yang na nyams dga nyid du bzung 
BO_NG_0704:20	nam mkha' gru gsum zla gam 'dra //	2	nam mkha gru gsum zla gam dra 
BO_NG_0704:21	de dang mthun pa'i gnas nyid du //	2	de dang mthun ba gnas nyid du 
BO_NG_0704:22	sgrub pa pos ni za gzhi gzung *//	2	sgrub ba pos ni za gzhi gzung 
BO_NG_0704:23	de nas @#// dkyil 'khor bsham par bya /	2	de nas dkyil khor bsham ba byed 
BO_NG_0704:24	zur bzhir brod pa bzhi gzhag ste //	2	zur bzhir brod ba bzhi jog ste 
BO_NG_0704:25	nang du trag yig khrag gis bris //	2	nang du trag yig khrag gis bri 
BO_NG_0704:26	thod pa bzhi la shes par bya //	2	thod ba bzhi la shes ba byed 
BO_NG_0704:27	rnam shes tshang ba'i ling ga bzhi //	2	rnam shes tshang ba ling ga bzhi 
BO_NG_0704:28	so so bzhi la shes par bya //	2	so so bzhi la shes ba byed 
BO_NG_0704:29	trag dang nrel sbrel snying khar bri //	2	trag dang nrel sbrel snying khar bri 
BO_NG_0704:30	tshad ni mda' gang gru bzhi'o //	3	tshad ni mda gang gru bzhi 
BO_NG_0704:31	ri rab bzhin du brtsig par bya //	3	ri rab bzhin du brtsig ba byed 
BO_NG_0704:32	dme khrag gsum gyis chag chag gdab //	3	dme khrag gsum gyis chag chag gdab 
BO_NG_0704:33	trag rag sha dz+wa la man+dal sa ma ya hu~m phat //	3	trag rag sha dz+wa la man+dal sa ma ya hu~m phat 
BO_NG_0704:34	ces pa yis ni chag chag //	3	ces ba yis ni chag chag 
BO_NG_0704:35	de nas thig gdab dkyil 'khor bri //	3	de nas thig gdab dkyil khor bri 
BO_NG_0704:36	trag rag sha sa ma ya tish+tha lhan //	3	trag rag sha sa ma ya tish+tha lhan 
BO_NG_0704:37	ces pa yis thig gdab po //	3	ces ba yis thig gdab po 
BO_NG_0704:38	dbus su gru gsum sum brtsegs dgod //	3	dbus su gru gsum sum brtsegs god 
BO_NG_0704:39	zla gam dmar po mu khyud bskor //	3	zla gam dmar po mu khyud skor 
BO_NG_0704:40	thod pa'i ra ba shes par bya //	4	thod ba ra ba shes ba byed 
BO_NG_0704:41	gru chad ljang khu sgo rnams lcags //	4	gru chad ljang khu sgo rnams lcags 
BO_NG_0704:42	ji ltar mdzes par bri bar bya //	4	ji ltar mdzes ba bri ba byed 
BO_NG_0704:43	zhes gsungs so //	4	zhes gsungs so 
BO_NG_0704:44	snying zog mo'i skabs dang po'o // // de nas rdzas bsag pa dang *// yi ge sngags kyi grangs bstan pa 'di gsungs so //	4	snying zog mo skabs dang po de nas rdzas bsag ba dang yi ge sngags kyi grangs ston ba di gsungs so 
BO_NG_0704:45	snol gri'i thod pa mngal khrag dang *// gtor ma snod dang mchod rdzas bsham //	4	snol gri thod ba mngal khrag dang thor ma snod dang mchod rdzas bsham 
BO_NG_0704:46	de nas bdag po bskyed par bya //	4	de nas bdag po skyed ba byed 
BO_NG_0704:47	bdag mo bskyed pa'i thugs ka nas //	4	bdag mo skyed ba thugs ka nas 
BO_NG_0704:48	rgyu yi yi ge trag phyung ste //	4	rgyu yi yi ge trag byin ste 
BO_NG_0704:49	dbus kyi mthing nag gru gsum la //	4	dbus kyi mthing nag gru gsum la 
BO_NG_0704:50	zhing chen brdal la gsal bar bskyed //	5	zhing chen rdal la gsal ba skyed 
BO_NG_0704:51	ma ma trag rag sha sa ma ya hu~m //	5	ma ma trag rag sha sa ma ya hu~m 
BO_NG_0704:52	zhes pa yis ni bskyed par bya //	5	zhes ba yis ni skyed ba byed 
BO_NG_0704:53	de nas bal mo kun dug ma //	5	de nas bal mo kun dug ma 
BO_NG_0704:54	sku mdog mthing nag 'bar ba la //	5	sku mdog mthing nag bar ba la 
BO_NG_0704:55	phyag g.yas zhe sdang tsit+ta bsnams //	5	phyag g.yas zhe sdang tsit+ta snom 
BO_NG_0704:56	g.yon na spyang mo dgu 'bum bsnams //	5	g.yon na spyang mo dgu bum snom 
BO_NG_0704:57	dur khrod rgyan cha mang pos klubs //	5	dur khrod rgyan cha mang pos klub 
BO_NG_0704:58	rngam pa'i tshul gyis mche ba gtsigs //	5	rngam ba tshul gyis mche ba gtsigs 
BO_NG_0704:59	de ltar bal mo bskyed par bya //	5	de ltar bal mo skyed ba byed 
BO_NG_0704:60	de ni bsnyen pa'i dkyil 'khor ro //	6	de ni snyen ba dkyil khor ro 
BO_NG_0704:61	sgrub pa'i dus su 'du ltar bya //	6	sgrub ba dus su du ltar byed 
BO_NG_0704:62	gru gsum mthing nag btsig par bya //	6	gru gsum mthing nag btsig ba byed 
BO_NG_0704:63	pad+ma'i rag tas kha byugs la //	6	pad+ma rag tas kha byug la 
BO_NG_0704:64	nang du sol chen gtang bar bya //	6	nang du sol chen gtong ba byed 
BO_NG_0704:65	phur rtsang rtsa gcig kha la bskor //	6	phur rtsang rtsa gcig kha la skor 
BO_NG_0704:66	de nas 'khar ba dkar po la //	6	de nas khar ba dkar po la 
BO_NG_0704:67	bal gamo nag mos dbang bskur byed //	6	bal gamo nag mos dbang skur byed 
BO_NG_0704:68	gru gsum ling ga snying dang lte bar dgod //	6	gru gsum ling ga snying dang lte ba god 
BO_NG_0704:69	ces dbang bskur ba 'di gsungs so //	6	ces dbang skur ba di gsungs so 
BO_NG_0704:70	trag rag sha tsit+ta myogs myogs thum ril rbad //	7	trag rag sha tsit+ta myogs myogs thum ril rbod 
BO_NG_0704:71	e he dkar ldan myogs tsit+ta rbad thums rbad //	7	e he dkar ldan myogs tsit+ta rbod thums rbod 
BO_NG_0704:72	mugs thibs sa nges kha shar phyung *//	7	mugs thibs sa nges kha char byin 
BO_NG_0704:73	'ubs 'ubs // sod sod //	7	ubs ubs sod sod 
BO_NG_0704:74	che ge mo ma ra ya //	7	che ge mo ma ra ya 
BO_NG_0704:75	zhes brgya rtsa brgyad bzlas te //	7	zhes brgya rtsa brgyad bzlas te 
BO_NG_0704:76	yi ge sum cu 'dis dbang bskur par bya'o //	7	yi ge sum cu dis dbang skur ba byed 
BO_NG_0704:77	de nas 'phrin las mi 'gal ba'i sgo nas spyan drang bar bya'o //	7	de nas phrin las mi gal ba sgo nas spyan dren ba byed 
BO_NG_0704:78	hu~m // shar phyogs gru gsum shel gyi dkyil 'khor du //	7	hu~m char phyogs gru gsum shel gyi dkyil khor du 
BO_NG_0704:79	bal mo dkar gsal bye ba 'bum gyis bskor //	7	bal mo dkar gsal bye ba bum gyis skor 
BO_NG_0704:80	zhi ba'i thugs kyis dgra bgegs 'dul mdzad cing *//	8	zhi ba thugs kyis dgra bgegs dul mdzad cing 
BO_NG_0704:81	mthing nag gru gsum 'bar ba'i dkyil 'khor du //	8	mthing nag gru gsum bar ba dkyil khor du 
BO_NG_0704:82	dam nyams bsnol ba'i gdan la bzhugs su gsol //	8	dam nyams snol ba gdan la bzhugs su gsol 
BO_NG_0704:83	rnal 'byor bdag la dngos grub stsol //	8	rnal byor bdag la dngos grub stsol 
BO_NG_0704:84	hu~m // lho phyogs ser nag gru gsum 'bar ba'i dkyil 'khor nas //	8	hu~m lho phyogs ser nag gru gsum bar ba dkyil khor nas 
BO_NG_0704:85	bal mo kun @#//	8	bal mo kun 
BO_NG_0704:86	dug rngam chen gtum pa'i sku //	8	dug rngam chen thum ba sku 
BO_NG_0704:87	ser mo g.yang gzhi gsol ba'i ral pa can //	8	ser mo g.yang gzhi gsol ba ral ba can 
BO_NG_0704:88	ser nag bal mo 'bum gyi tshogs kyis bskor //	8	ser nag bal mo bum gyi tshogs kyis skor 
BO_NG_0704:89	rgyas pa'i 'phrin las mthar phyin 'gro don mdzad //	8	rgya ba phrin las mthar phyin gro don mdzad 
BO_NG_0704:90	mthing nag gru gsum 'bar ba'i dkyil 'khor du //	9	mthing nag gru gsum bar ba dkyil khor du 
BO_NG_0704:91	dgra bgegs bsnal ba'i gdan la bzhugs su gsol //	9	dgra bgegs snal ba gdan la bzhugs su gsol 
BO_NG_0704:92	rnal 'byor bdag la dngos grub rtsol /	9	rnal byor bdag la dngos grub rtsol 
BO_NG_0704:93	hum / nub phyogs dmar gru gsum dkyil 'khor nas //	9	hum nub phyogs dmar gru gsum dkyil khor nas 
BO_NG_0704:94	dmar mo mi bzad 'bar ba'i ral pa can //	9	dmar mo mi bzad bar ba ral ba can 
BO_NG_0704:95	bal mo dmar mo bye bar bcas //	9	bal mo dmar mo bye ba cha 
BO_NG_0704:96	dbang dang byin rlabs shin tu rdzogs mdzad ma //	9	dbang dang byin rlabs shin tu rdzogs mdzad ma 
BO_NG_0704:97	mthing nag gru gsum 'bar ba'i dkyil 'khor 'dir //	9	mthing nag gru gsum bar ba dkyil khor dir 
BO_NG_0704:98	dgra bgegs bsnol pa'i gdan la bzhugs su gsol //	9	dgra bgegs snol ba gdan la bzhugs su gsol 
BO_NG_0704:99	rnal 'byor bdag la dngos grub stsol /	9	rnal byor bdag la dngos grub stsol 
BO_NG_0704:100	hu~m // byang phyogs ljang nag gru gsum 'bar ba'i dkyil 'khor nas //	10	hu~m byang phyogs ljang nag gru gsum bar ba dkyil khor nas 
BO_NG_0704:101	bal mo ljang nag khro gnyer ral pa can //	10	bal mo ljang nag khro gnyer ral ba can 
BO_NG_0704:102	bal mo nag mo 'bum phyis bskor //	10	bal mo nag mo bum byid skor 
BO_NG_0704:103	drag po'i 'phrin las don la brtson 'grus che //	10	drag po phrin las don la brtson grus che 
BO_NG_0704:104	mthing nag gru gsum 'bar ba'i dkyil 'khor 'dir //	10	mthing nag gru gsum bar ba dkyil khor dir 
BO_NG_0704:105	dgra bgegs bsnol ba'i gdan la bzhugs su gsol //	10	dgra bgegs snol ba gdan la bzhugs su gsol 
BO_NG_0704:106	rnal 'byor bdag la dngos grub stsol //	10	rnal byor bdag la dngos grub stsol 
BO_NG_0704:107	trag ram trag ni su //	10	trag ram trag ni su 
BO_NG_0704:108	trag kham trag yam //	10	trag kham trag yam 
BO_NG_0704:109	sa ma ya trag stam //	10	sa ma ya trag stam 
BO_NG_0704:110	zhes bzhugs su gsol //	11	zhes bzhugs su gsol 
BO_NG_0704:111	bstod pa bya'o //	11	bstod ba byed 
BO_NG_0704:112	hu~m // mthing nag gru gsum 'bar ba'i dkyil 'khor nas //	11	hu~m mthing nag gru gsum bar ba dkyil khor nas 
BO_NG_0704:113	khro mo za byed 'jigs pa'i sku byung ba //	11	khro mo za byed jigs ba sku byung ba 
BO_NG_0704:114	bal mo kun dug rngam chen ha la'i sku //	11	bal mo kun dug rngam chen ha la sku 
BO_NG_0704:115	mthing nag mi srun 'jigs pa'i 'od zer 'phro //	11	mthing nag mi srun jigs ba d zer phro 
BO_NG_0704:116	ral pa sbrin dmar nam mkha' yongs su khebs //	11	ral ba sbrin dmar nam mkha yongs su khebs 
BO_NG_0704:117	za byed dbu yis dug lnga zhe la gnon //	11	za byed dbu yis dug lnga zhe la gnon 
BO_NG_0704:118	snyan nas 'brug sgrogs shangs nas bu yug ser cen 'bebs //	11	snyan nas brug sgrogs shangs nas bu yug ser cen bebs 
BO_NG_0704:119	spyan nas me 'bar bdud bzhi thal bar sreg shangs nas hu~m gi spyug pas 'jig rten 'gengs //	11	spyan nas me bar bdud bzhi thal ba sreg shangs nas hu~m gi spyug ba jig rten gengs 
BO_NG_0704:120	zhal nas khrag rims 'jig rten yams nad gtong *//	12	zhal nas khrag rims jig rten yams nad gtong 
BO_NG_0704:121	gdug pa'i mche bas za byed stong khams sgrol //	12	gdug ba mche ba za byed stong khams sgrol 
BO_NG_0704:122	phyag g.yas snying 'byin tsit+ta dgu brgya bsnams //	12	phyag g.yas snying byin tsit+ta dgu brgya snom 
BO_NG_0704:123	g.yon na pho nya spyang mo dgu 'bum 'gyed //	12	g.yon na pho nya spyang mo dgu bum gyed 
BO_NG_0704:124	bal mo'i phu dung 'jig rten phung bar byed //	12	bal mo phu dung jig rten phung ba byed 
BO_NG_0704:125	'khar ba brdabs pas srin gsum dbang du sdud //	12	khar ba brdab ba srin gsum dbang du sdud 
BO_NG_0704:126	seng ldeng phur bus skye shi rtsa nas gcod //	12	seng ldeng phur bud skye chi rtsa nas gcod 
BO_NG_0704:127	sbrul nag stong gis thod dang yan lag brgyan //	12	sbrul nag stong gis thod dang yan lag rgyan 
BO_NG_0704:128	zhing chen g.yang gzhis ma stong las la 'jud //	12	zhing chen g.yang gzhis ma stong las la jud 
BO_NG_0704:129	stag gi sham thabs srid gsum gnad la bor //	12	stag gi sham thabs srid gsum gnad la bor 
BO_NG_0704:130	'phrin las thal chen khrag dang zhag gi ris //	13	phrin las thal chen khrag dang zhag gi ris 
BO_NG_0704:131	zhabs kyis brkyang bskum dang nyams snying steng gzer //	13	zhabs kyis rkyong skum dang nyams snying steng gzer 
BO_NG_0704:132	thams cad dbang sdud bal mo kun dug ma //	13	thams cad dbang sdud bal mo kun dug ma 
BO_NG_0704:133	stobs ldan nag mo'i sku la phyag 'tshal bstod //	13	stobs ldan nag mo sku la phyag tshal bstod 
BO_NG_0704:134	ces yi ge sum cu pa 'di bsnyen pa 'bul lo //	13	ces yi ge sum cu ba di snyen ba bul lo 
BO_NG_0704:135	ma ma trag rag sha kha mun tra //	13	ma ma trag rag sha kha mun tra 
BO_NG_0704:136	sa ma ya bal dug kun dug //	13	sa ma ya bal dug kun dug 
BO_NG_0704:137	e ka dza ti stib ta tsakra kro d+ha ma dza b+h+yo b+h+yo //	13	e ka dza ti stib ta tsakra kro d+ha ma dza b+h+yo b+h+yo 
BO_NG_0704:138	snying zor nag mo'i rgyud las //	13	snying zor nag mo brgyud las 
BO_NG_0704:139	bsnyen pa sngags kyi grangs dang @#// rdzas bstan pa'i skabs te gnyis pa'o ///	13	snyen ba sngags kyi grangs dang rdzas ston ba skabs te gnyis ba 
BO_NG_0704:140	/ de nas sgrub pa'i sngags bstan pa dang *// rbad cing dbang bskur ba 'di gsungs so //	14	de nas sgrub ba sngags ston ba dang rbod cing dbang skur ba di gsungs so 
BO_NG_0704:141	de ltar bsnyen pa rdzogs pa dang *// yi ge bcu bdun pa 'di gsungs so //	14	de ltar snyen ba rdzogs ba dang yi ge chu bdun ba di gsungs so 
BO_NG_0704:142	trag rag sha snying kha mun tra //	14	trag rag sha snying kha mun tra 
BO_NG_0704:143	trag rag mo bdun b+h+yo dza //	14	trag rag mo bdun b+h+yo dza 
BO_NG_0704:144	'di rbad do //	14	di rbod do 
BO_NG_0704:145	trag rag sha snying bam ril //	14	trag rag sha snying bam ril 
BO_NG_0704:146	snying kha rak+ti sta rbad //	14	snying kha rak+ti sta rbod 
BO_NG_0704:147	tsag le mu ru bam //	14	tsag le mu ru bam 
BO_NG_0704:148	tsag le me //	14	tsag le me 
BO_NG_0704:149	srog thums rbad //	14	srog thums rbod 
BO_NG_0704:150	srog bam ril //	15	srog bam ril 
BO_NG_0704:151	zhes bskul bar bya'o //	15	zhes skul ba byed 
BO_NG_0704:152	hu~m // dug lnga dbang sdud dkyil 'khor nas //	15	hu~m dug lnga dbang sdud dkyil khor nas 
BO_NG_0704:153	bal mo nag mo kun dug ma //	15	bal mo nag mo kun dug ma 
BO_NG_0704:154	sku ni lhing nag dug rtsub ma //	15	sku ni lhing nag dug rtsub ma 
BO_NG_0704:155	dbu ni zhe sdang thor tshugs can //	15	dbu ni zhe sdang thor tshugs can 
BO_NG_0704:156	zhes sdang 'bar bas rdul du lhogs //	15	zhes sdang bar ba rdul du lhogs 
BO_NG_0704:157	lding nag dug gis myos te bsad //	15	lding nag dug gis myos te bsad 
BO_NG_0704:158	phyag g.yas zhe sdang tsit+ta bsnams //	15	phyag g.yas zhe sdang tsit+ta snom 
BO_NG_0704:159	dgra snying dmar po tshal bar 'gems //	15	dgra snying dmar po tshal ba gem 
BO_NG_0704:160	dgra snying dbyung ba'i dus la bab //	16	dgra snying byin ba dus la bab 
BO_NG_0704:161	g.yon na zhe sdang sbyang mo 'gyed //	16	g.yon na zhe sdang sbyong mo gyed 
BO_NG_0704:162	dgra bo'i gnas su myud du rgyug / 'jigs byed chen po'i pho nya 'gyed //	16	dgra bo gnas su myud du rgyug jigs byed chen po pho nya gyed 
BO_NG_0704:163	srog gi rtsa ba chod la shog / snying gi rgyud ma chod la shog / 'go ba'i lha lnga dbang du sdus //	16	srog gi rtsa ba chod la shog snying gi brgyud ma chod la shog go ba lha lnga dbang du thu 
BO_NG_0704:164	mngon sbyod drag pos dbang du sdud //	16	mngon sbyod drag pos dbang du sdud 
BO_NG_0704:165	zhal du khrag dmar chen po gsol //	16	zhal du khrag dmar chen po gsol 
BO_NG_0704:166	rag ta dmar mor 'thungs la shog / khrag 'thung chen po da tshur spyon //	16	rag ta dmar mor thung la shog khrag thung chen po da tshur spyon 
BO_NG_0704:167	dmar 'byin chen po'i dus la bab //	16	dmar byin chen po dus la bab 
BO_NG_0704:168	gdug pa'i mche bas stong khams sgrol //	16	gdug ba mche ba stong khams sgrol 
BO_NG_0704:169	klad pa rgyas kyi sgo phye la //	16	klad ba rgya kyi sgo byed la 
BO_NG_0704:170	klad zan chen mo da tshur byaun //	17	klad zan chen mo da tshur byaun 
BO_NG_0704:171	dbu za chen mo ral pa can //	17	dbu za chen mo ral ba can 
BO_NG_0704:172	klad bdag chen mo'i dus la bab //	17	klad bdag chen mo dus la bab 
BO_NG_0704:173	'jigs pa'i rgyan cha mang pos brgyan //	17	jigs ba rgyan cha mang pos rgyan 
BO_NG_0704:174	sbrul nag stong gis 'ching zhing sdom //	17	sbrul nag stong gis ching zhing sdom 
BO_NG_0704:175	mi lpags g.yang gzhi 'phyar zhing sdud //	17	mi lpags g.yang gzhi phyor zhing sdud 
BO_NG_0704:176	ma chen stong ni las la 'jud //	17	ma chen stong ni las la jud 
BO_NG_0704:177	'phra men mkha' 'gro dbang du sdud //	17	phra men mkha gro dbang du sdud 
BO_NG_0704:178	'phrin las mkha' 'gro pho nyar gtong *//	17	phrin las mkha gro pho nyar gtong 
BO_NG_0704:179	bdud dang srin po dbang du sdud //	17	bdud dang srin po dbang du sdud 
BO_NG_0704:180	'byung po pho nya dbang du sdud //	18	byung po pho nya dbang du sdud 
BO_NG_0704:181	phung byed nag mo'i dus la bab //	18	phung byed nag mo dus la bab 
BO_NG_0704:182	zhe sdang zhabs kyis phyogs bcur rgyug / srid pa gsum ga dbang du sdud //	18	zhe sdang zhabs kyis phyogs jur rgyug srid ba gsum ga dbang du sdud 
BO_NG_0704:183	'jig rten gsum du rims nad gtong *//	18	jig rten gsum du rims nad gtong 
BO_NG_0704:184	bud med nag mo 'bum gyis bskor //	18	bud med nag mo bum gyis skor 
BO_NG_0704:185	kun dug khrag skyug dus la bab //	18	kun dug khrag skyug dus la bab 
BO_NG_0704:186	ces rbad do //	18	ces rbod do 
BO_NG_0704:187	snying zor nag mo'i rgyud las //	18	snying zor nag mo brgyud las 
BO_NG_0704:188	sgrub pa'i skabs te gsum pa'o ///	18	sgrub ba skabs te gsum ba 
BO_NG_0704:189	/ de nas thugs dam bskang zhing grub ma grub kyi mtshan ma brtag ces byu ba 'di gsungs so //	18	de nas thugs dam skong zhing grub ma grub kyi mtshan ma rtog ces byu ba di gsungs so 
BO_NG_0704:190	rma bya'i rgyal mtshan du dar dang *// rnel grir sha ba'i snying chen dang */ sna tshogs sman dang go ro tsa na'i mchog / sna tshogs dar dang me long dang *// shing kun la sogs sman rnams dang *// sna tshogs sha yi gtor mas bskang *//	19	rma byed rgyal mtshan du dar dang rnel grir sha ba snying chen dang sna tshogs sman dang go ro tsa na mchog sna tshogs dar dang me long dang shing kun la sogs sman rnams dang sna tshogs sha yi thor mas skong 
BO_NG_0704:191	grub pa'i rtags rnams bshad pa ni //	19	grub ba rtags rnams chad ba ni 
BO_NG_0704:192	bud med byung na dngos grub 'phel //	19	bud med byung na dngos grub phel 
BO_NG_0704:193	khyo gar byung na dgra la myur //	19	khyo gar byung na dgra la myur 
BO_NG_0704:194	btsun mar byung na 'khor la gzan //	19	btsun mar byung na khor la gzan 
BO_NG_0704:195	bya nag byung na thugs dam bskang *//	19	byed nag byung na thugs dam skong 
BO_NG_0704:196	khyi ru byung na dam tshig nyams //	19	khyi ru byung na dam tshig nyams 
BO_NG_0704:197	phyi bshags nang bshags khrus mchog bya //	19	phyi chags nang chags khru mchog byed 
BO_NG_0704:198	mo nyid bstod @#//	19	mo nyid bstod 
BO_NG_0704:199	gzugs nyi shu gcig / gtso mchog yin par nyams su blang *//	19	gzugs nyi shu gcig gtso mchog yin ba nyams su blang 
BO_NG_0704:200	mon mor byung na mo nyid dngos //	20	mon mor byung na mo nyid dngos 
BO_NG_0704:201	bsgrub mchog dam tshig gtsang pa yin //	20	sgrub mchog dam tshig gtsang ba yin 
BO_NG_0704:202	khyung mchog can gyis dbang bskur te /	20	khyung mchog can gyis dbang skur te 
BO_NG_0704:203	dngos grub chen po rtsol bar bskul /	20	dngos grub chen po rtsol ba skul 
BO_NG_0704:204	de nas dgra rtags bshad par bya /	20	de nas dgra rtags chad ba byed 
BO_NG_0704:205	g.yag tu byungan 'bring por 'ong */	20	g.yag tu byungan bring por ng 
BO_NG_0704:206	ba la byung na de bas myur //	20	ba la byung na de ba myur 
BO_NG_0704:207	ri dwags byung na de bas myur //	20	ri dwags byung na de ba myur 
BO_NG_0704:208	dngos su byung na de bas myur //	20	dngos su byung na de ba myur 
BO_NG_0704:209	tsa ra ja rkun byed na bzang *//	20	tsa ra ja rkun byed na bzang 
BO_NG_0704:210	'thabs te mtshon btab brgyab na bzang *//	21	thabs te mtshon debs rgyag na bzang 
BO_NG_0704:211	kho rang brtson du bzung na rab //	21	kho rang brtson du bzung na rab 
BO_NG_0704:212	dmag dpung che bas grangs na bzang *//	21	dmag dpung che ba grangs na bzang 
BO_NG_0704:213	ma grub rtags rnams bshad pa ni //	21	ma grub rtags rnams chad ba ni 
BO_NG_0704:214	btsan mo lta bur byung nang na //	21	btsan mo lta bur byung nang na 
BO_NG_0704:215	phar la phyag 'tshal shin tu ngan //	21	phar la phyag tshal shin tu ngan 
BO_NG_0704:216	lug dang rta ru byung na ngan //	21	lug dang rta ru byung na ngan 
BO_NG_0704:217	snying mi dga' la 'gro snying 'dod */	21	snying mi dga la gro snying dod 
BO_NG_0704:218	'di ni rang la nyams su brtag / seng seng byed la g.yal zhing sprid /	21	di ni rang la nyams su rtog seng seng byed la g.yal zhing sprid 
BO_NG_0704:219	gong du smos pa'i rdzas kyis bskang */	21	gong du smos ba rdzas kyis skong 
BO_NG_0704:220	bying zhing 'thibs na grib mas phog / ltogs la gzhan gyi zas 'dod na //	22	bying zhing thib na grib mas bogs ltogs la gzhan gyi zas dod na 
BO_NG_0704:221	bya nag smug nag thugs dam bskang *//	22	byed nag smug nag thugs dam skong 
BO_NG_0704:222	de bas khyad par sgra rtags ni //	22	de ba khyad ba sgra rtags ni 
BO_NG_0704:223	snying tun dus su 'di ltar 'byung *//	22	snying tun dus su di ltar byung 
BO_NG_0704:224	sems can tsit+ta dngos su 'byung *//	22	sems can tsit+ta dngos su byung 
BO_NG_0704:225	ro ru byung na the tshom med //	22	ro ru byung na the tshom med 
BO_NG_0704:226	dngos su byung na phur thun gdags //	22	dngos su byung na phur thun dogs 
BO_NG_0704:227	ro 'am snying la bsngags pa bzhin //	22	ro mang snying la bsngags ba bzhin 
BO_NG_0704:228	thogs pa med par mtshon gyis gdab //	22	thogs ba med ba mtshon gyis gdab 
BO_NG_0704:229	thun snod 'brub khung gnyis su 'byung *//	22	thun snod brub khung gnyis su byung 
BO_NG_0704:230	thun snod dang bcas 'brub khung gnan //	23	thun snod dang cha brub khung gnon 
BO_NG_0704:231	tsit+ta byung na zhal du rngub //	23	tsit+ta byung na zhal du rngub 
BO_NG_0704:232	de la rtags mi 'gor gi chos //	23	de la rtags mi gor gi chos 
BO_NG_0704:233	phur thun rtags rnams bstan pa ni //	23	phur thun rtags rnams ston ba ni 
BO_NG_0704:234	mkhar pa'i rtsa ru gzan zan rje //	23	mkhar ba rtsa ru gzan zan rje 
BO_NG_0704:235	bu chung rjes su 'ong bar bshad //	23	bu chung rjes su ng ba chad 
BO_NG_0704:236	phur pas gdab cing sbyin sreg bya //	23	phur ba gdab cing sbyin sreg byed 
BO_NG_0704:237	bya rjes byung na ma mo nyid //	23	byed rjes byung na ma mo nyid 
BO_NG_0704:238	sngags kyi dbang bskur las la rbad //	23	sngags kyi dbang skur las la rbod 
BO_NG_0704:239	sbyin sreg las kyi kha tshar de //	23	sbyin sreg las kyi kha tshar de 
BO_NG_0704:240	ltas ngan zer ba de bzhin no //	24	ltas ngan zer ba de bzhin no 
BO_NG_0704:241	snying zor nag mo'i rgyud las //	24	snying zor nag mo brgyud las 
BO_NG_0704:242	mtshan ma rtags kyi skabs te bzhi pa'o ///	24	mtshan ma rtags kyi skabs te bzhi ba 
BO_NG_0704:243	/ de nas thabs 'phrin las kyi bsgrub pa //	24	de nas thabs phrin las kyi sgrub ba 
BO_NG_0704:244	snying thun zor gyi le'u 'di gsungs so //	24	snying thun zor gyi leu di gsungs so 
BO_NG_0704:245	shin tu ral pa'i thod pa la //	24	shin tu ral ba thod ba la 
BO_NG_0704:246	ma dang trag gnyis dgod par bya //	24	ma dang trag gnyis god ba byed 
BO_NG_0704:247	khrag dang snying sna'i phye ma bslugs //	24	khrag dang snying sna byed ma bslugs 
BO_NG_0704:248	mthing nag dar gyis gril bar bya'o //	24	mthing nag dar gyis gril ba byed 
BO_NG_0704:249	bud med mtshal chen sme yi khrag / byang chub sems dang sbyar bar bya //	24	bud med mtshal chen sme yi khrag byang chub sems dang sbyor ba byed 
BO_NG_0704:250	de bzhin gru gsum bdun byas te //	25	de bzhin gru gsum bdun byed te 
BO_NG_0704:251	gcig tu med long gzhag par bya //	25	gcig tu med long jog ba byed 
BO_NG_0704:252	gcig la skyer ba'i phur pa la //	25	gcig la skyer ba phur ba la 
BO_NG_0704:253	thun gyis ma mor dbang bskur te //	25	thun gyis ma mor dbang skur te 
BO_NG_0704:254	gcig tu dug shing sbyin sreg brtsig / gcig tu thun gyi phor pa gzhag / gcig tu sngags kyis dgug par bya //	25	gcig tu dug shing sbyin sreg brtsig gcig tu thun gyi phor ba jog gcig tu sngags kyis gugs ba byed 
BO_NG_0704:255	gcig tu lha dang phral te bsad //	25	gcig tu lha dang phral te bsad 
BO_NG_0704:256	gcig tu drag po'i rdzas bcug la //	25	gcig tu drag po rdzas jug la 
BO_NG_0704:257	kha spud klu la gtad par bya //	25	kha spud klu la gtod ba byed 
BO_NG_0704:258	zhes drag sngags bdun pa 'di gsungs so //	25	zhes drag sngags bdun ba di gsungs so 
BO_NG_0704:259	trag rag sha kha mun tra ma ru la ru lu hu~m b+h+yo b+h+yo //	25	trag rag sha kha mun tra ma ru la ru lu hu~m b+h+yo b+h+yo 
BO_NG_0704:260	trag rag sha ti sna sam ya b+h+yo //	26	trag rag sha ti sna sam ya b+h+yo 
BO_NG_0704:261	e ka dza ti snying kha rag sha bam ril b+h+yo //	26	e ka dza ti snying kha rag sha bam ril b+h+yo 
BO_NG_0704:4-0	a kar 4@#//	4	a kar 
BO_NG_0704:4-1	nag mo rag mo yag sha b+h+yo //	4	nag mo rag mo yag sha b+h+yo 
BO_NG_0704:4-2	trag rag sha snying ling rbud //	4	trag rag sha snying ling rbud 
BO_NG_0704:4-3	trag rag sha ram rag ta thun b+h+yo //	4	trag rag sha ram rag ta thun b+h+yo 
BO_NG_0704:4-4	de nas ling ga bca' ba'i man ngag 'di gsungs so //	4	de nas ling ga chos ba man ngag di gsungs so 
BO_NG_0704:4-5	'khor lo bzhi bcas dbus su rlung de dbus rlung la 'khor lo bri //	4	khor lo bzhi cha dbus su rlung de dbus rlung la khor lo bri 
BO_NG_0704:4-6	sgrom su yam gsang bar ram //	4	sgrom su yam gsang ba ram 
BO_NG_0704:4-7	lte bar kham yin snying khar ni //	4	lte ba kham yin snying khar ni 
BO_NG_0704:4-8	de bzhin 'khor lo trag bzhi dgod //	4	de bzhin khor lo trag bzhi god 
BO_NG_0704:4-9	bdun byang ming rus drag sngags bdun //	4	bdun byang ming rus drag sngags bdun 
BO_NG_0704:4-10	g.yas nas 'khor bar nga yis bshad //	4	g.yas nas khor ba nga yis chad 
BO_NG_0704:4-11	de nas 'phrin las ma mo bzi //	4	de nas phrin las ma mo bzi 
BO_NG_0704:4-12	ling kha dregs pa'i lus dgod //	4	ling kha dregs ba lus god 
BO_NG_0704:4-13	spyi bor dkar mo khyung thogs ma //	4	spyi bor dkar mo khyung thogs ma 
BO_NG_0704:4-14	snying khar nag mo mche ba can //	4	snying khar nag mo mche ba can 
BO_NG_0704:4-15	lte bar ser mo g.yang gzhi can //	4	lte ba ser mo g.yang gzhi can 
BO_NG_0704:4-16	gsang bar dmar ljang 'khrug mo bskyed //	4	gsang ba dmar ljang khrug mo skyed 
BO_NG_0704:4-17	gong gi tshig bshad brjod bya zhing *//	4	gong gi tshig chad rjod byed zhing 
BO_NG_0704:4-18	bdag la dbang bskur dngos grub stsol //	4	bdag la dbang skur dngos grub stsol 
BO_NG_0704:4-19	zhes sngags 'dis bdag dang gnyis med bstim //	4	zhes sngags dis bdag dang gnyis med stim 
BO_NG_0704:4-20	om rag sha re'u tri sa ma sa ti sh+tha lhan //	4	om rag sha reu tri sa ma sa ti sh+tha lhan 
BO_NG_0704:4-21	zhes gnyis su med par bstim mo //	4	zhes gnyis su med ba stim mo 
BO_NG_0704:4-22	snying zor nag mo rgyud las //	4	snying zor nag mo brgyud las 
BO_NG_0704:4-23	drag sngags sna tshogs kyi skabs te lnga pa'o // // de nas phur thun nag po'i ngan sngags sgrol ging bsgrub pa 'di gsungs so //	4	drag sngags sna tshogs kyi skabs te lnga ba de nas phur thun nag po ngan sngags sgrol ging sgrub ba di gsungs so 
BO_NG_0704:4-24	lcags sam seng ldeng phur ba la //	4	lcags sam seng ldeng phur ba la 
BO_NG_0704:4-25	gzi byin bskyed pa'i drag sngags 'di //	4	gzi byin skyed ba drag sngags di 
BO_NG_0704:4-26	trag rag sha kha mun tra mu ru lu ru lu hu~m b+h+yo hu~m //	4	trag rag sha kha mun tra mu ru lu ru lu hu~m b+h+yo hu~m 
BO_NG_0704:4-27	rag mo te kun tsa tsa kha la b+h+yo //	4	rag mo te kun tsa tsa kha la b+h+yo 
BO_NG_0704:4-28	ru lu ru lu ma ting b+h+yo //	4	ru lu ru lu ma ting b+h+yo 
BO_NG_0704:4-29	rnal ma rnal te gsod la rngam //	4	rnal ma rnal te gsod la rngam 
BO_NG_0704:4-30	gshol la mer mer //	4	gshol la mer mer 
BO_NG_0704:4-31	phris la chums chums thu byi thu lcags kyi sgra //	4	bri la chums chums thu byi thu lcags kyi sgra 
BO_NG_0704:4-32	om shri many+dzu ya ma ra dza e ka dza ti dza //	4	om shri many+dzu ya ma ra dza e ka dza ti dza 
BO_NG_0704:4-33	zhes bsgrub bo //	4	zhes sgrub bo 
BO_NG_0704:4-34	dar mthing nag gi cod pan gdags //	4	dar mthing nag gi cod pan dogs 
BO_NG_0704:4-35	'dis thugs dam gyi ma mo dbang bskur te //	4	dis thugs dam gyi ma mo dbang skur te 
BO_NG_0704:4-36	om badzra ki li ki la ya sarba big+ha nan bam hu~m //	4	om badzra ki li ki la ya sarba big+ha nan bam hu~m 
BO_NG_0704:4-37	trag trag gur lan ser //	4	trag trag gur lan ser 
BO_NG_0704:4-38	tug tug / ces rdzas kyis dbang bskur //	4	tug tug ces rdzas kyis dbang skur 
BO_NG_0704:4-39	de nas 'dis gdab par bya'o //	4	de nas dis gdab ba byed 
BO_NG_0704:4-40	tsit+ta rbad // khug ya phug / myogs thub bam ril //	4	tsit+ta rbod khug ya bugs myogs thub bam ril 
BO_NG_0704:4-41	zhung zhung chum chum //	4	zhung zhung chum chum 
BO_NG_0704:4-42	tra trag sha mugs thibs //	4	tra trag sha mugs thibs 
BO_NG_0704:4-43	subs khug sto //	4	subs khug sto 
BO_NG_0704:4-44	chog rni 'gyel kha la sta rbad //	4	chog rni gyel kha la sta rbod 
BO_NG_0704:4-45	ces bra ba'i slud bu la brten par bya'o //	4	ces bra ba slud bu la rten ba byed 
BO_NG_0704:4-46	snying zor nag mo'i rgyud las //	4	snying zor nag mo brgyud las 
BO_NG_0704:4-47	phur thun nag po'i ngan sngags sgrol ging gi skabs te drug pa'o //	4	phur thun nag po ngan sngags sgrol ging gi skabs te drug ba 
BO_NG_0704:4-48	de nas las thams cad kyi mjug bsdu ba //	4	de nas las thams cad kyi mjug sdud ba 
BO_NG_0704:4-49	ngan sngags mnan pa 'di gsungs so //	4	ngan sngags gnon ba di gsungs so 
BO_NG_0704:4-50	shin tu mtshan ngan thod pa la //	4	shin tu mtshan ngan thod ba la 
BO_NG_0704:4-51	dbus su ling ga phyogs bzhir trag / ram yam su kham mtshams bzhir dgod //	4	dbus su ling ga phyogs bzhir trag ram yam su kham mtshams bzhir god 
BO_NG_0704:4-52	ming rus der bskor drag sngags bdun //	4	ming rus der skor drag sngags bdun 
BO_NG_0704:4-53	tshangs par de bzlas rgyun srangs mnan /	4	tshangs ba de bzlas rgyun srangs gnon 
BO_NG_0704:4-54	khyi nag bya nag lpags pas brtan //	4	khyi nag byed nag lpags ba brtan 
BO_NG_0704:4-55	phrin las mo bod par bya /	4	phrin las mo bod ba byed 
BO_NG_0704:4-56	zhes gsungs so //	4	zhes gsungs so 
BO_NG_0704:4-57	snying zer nag mo'i rgyud las ngan sngags //	4	snying zer nag mo brgyud las ngan sngags 
BO_NG_0704:4-58	mnan pa'i skabs te bdun pa'o ///	4	gnon ba skabs te bdun ba 
BO_NG_0704:4-59	/ de nas tsit+ta yang snying ro langs sgrol pa dngos grub kyi khyad par gyi skabs 'di gsungs so //	4	de nas tsit+ta yang snying ro ldang sgrol ba dngos grub kyi khyad ba gyi skabs di gsungs so 
BO_NG_0704:4-60	sa stegs gru bzhi ri rab brtsig / de nas bdag nyid lha mchog tu //	4	sa stegs gru bzhi ri rab brtsig de nas bdag nyid lha mchog tu 
BO_NG_0704:4-61	rdzogs pa'i tshul du skur bskyed do /	4	rdzogs ba tshul du skur skyed do 
BO_NG_0704:4-62	dur khrod gnas nas ro btsal //	4	dur khrod gnas nas ro btsal 
BO_NG_0704:4-63	shi nas zhag @#//	4	chi nas zhag 
BO_NG_0704:4-64	bdun lon pa'i tshe //	4	bdun lon ba tshe 
BO_NG_0704:4-65	bud med mdzes pa'i ro btsal lo //	4	bud med mdzes ba ro btsal lo 
BO_NG_0704:4-66	dar zhing 'phel ba'i ro la bsgrub //	4	dar zhing phel ba ro la sgrub 
BO_NG_0704:4-67	de nas ro nyid bkru bar bya //	4	de nas ro nyid khrud ba byed 
BO_NG_0704:4-68	rten dang bral ba sngon du bya //	4	rten dang bral ba sngon du byed 
BO_NG_0704:4-69	bdud rtsi lnga yi rdzis rnams la //	4	bdud rtsi lnga yi rdzis rnams la 
BO_NG_0704:4-70	gur kum sman dang dri chen spos //	4	gur kum sman dang dri chen spros 
BO_NG_0704:4-71	sna tshogs dri yi chu yis bkru //	4	sna tshogs dri yi chu yis khrud 
BO_NG_0704:4-72	de la dkyil 'khor sdu bar bya //	4	de la dkyil khor sdu ba byed 
BO_NG_0704:4-73	snying khar gru gsum gru bzhi ni //	4	snying khar gru gsum gru bzhi ni 
BO_NG_0704:4-74	shing tsha ldog ros dag gis bris //	4	shing tsha ldog ros dag gis bri 
BO_NG_0704:4-75	dbus kyi pho brang e la ni //	4	dbus kyi pho brang e la ni 
BO_NG_0704:4-76	shes rab mtshal gyis trag bri'o //	4	shes rab mtshal gyis trag bri 
BO_NG_0704:4-77	gro ga shing shun dag la ni //	4	gro ga shing shun dag la ni 
BO_NG_0704:4-78	dngos grub ci 'dod dmar byang bri //	4	dngos grub ci dod dmar byang bri 
BO_NG_0704:4-79	de bzhin trag gi dbus su gdags //	4	de bzhin trag gi dbus su dogs 
BO_NG_0704:4-80	lte bar las kyi dkyil 'khor bri //	4	lte ba las kyi dkyil khor bri 
BO_NG_0704:4-81	'khor lor bzhi bris trag bzhi dang *// ram yam sum kham tsa kar bri //	4	khor lor bzhi bri trag bzhi dang ram yam sum kham tsa kar bri 
BO_NG_0704:4-82	'brub khung dkyil 'khor gsang gnas nyid //	4	brub khung dkyil khor gsang gnas nyid 
BO_NG_0704:4-83	nags tshal spu gri gtam par bsam //	4	nags tshal spu gri dam ba bsam 
BO_NG_0704:4-84	snying khar ro bdag mon mo ste //	4	snying khar ro bdag mon mo ste 
BO_NG_0704:4-85	lte bar srid pa'i rgyal mo bsam //	4	lte ba srid ba rgyal mo bsam 
BO_NG_0704:4-86	kha ma bal mo nag mo bskyed //	4	kha ma bal mo nag mo skyed 
BO_NG_0704:4-87	rgyab tu gnod sbyin 'gram ring yab yum gnyis //	4	rgyab tu gnod sbyin grams ring yab yum gnyis 
BO_NG_0704:4-88	rang dang tsa las bskyed par bya //	4	rang dang tsa las skyed ba byed 
BO_NG_0704:4-89	gzhan dang lus dang rnam shes la //	4	gzhan dang lus dang rnam shes la 
BO_NG_0704:4-90	mon mo 'bum gyis bskor ba yin //	4	mon mo bum gyis skor ba yin 
BO_NG_0704:4-91	thams cad ma yis sa bon dgod //	4	thams cad ma yis sa bon god 
BO_NG_0704:4-92	de nas dkyil 'khor dar gyi gur khang dbub //	4	de nas dkyil khor dar gyi gur khang bubs 
BO_NG_0704:4-93	bcu gsum par du bsgrub pa bya //	4	chu gsum ba du sgrub ba byed 
BO_NG_0704:4-94	so so'i sngags kyis bar bar gcad //	4	so so sngags kyis ba ba gcod 
BO_NG_0704:4-95	tsa re yams kyis so sor gsum sngags brjod //	4	tsa re yams kyis so sor gsum sngags rjod 
BO_NG_0704:4-96	ra'u re'u gyis dang por mchod //	4	rau reu gyis dang por mchod 
BO_NG_0704:4-97	gnyis pa 'bod yig rtags dang sbyar //	4	gnyis ba bod yig rtags dang sbyor 
BO_NG_0704:4-98	gsum pa bsad yig rtags dang dus //	4	gsum ba bsad yig rtags dang dus 
BO_NG_0704:4-99	ji ltar 'dod pa bya bar bshad //	4	ji ltar dod ba byed ba chad 
BO_NG_0704:4-100	de nas 'dzum bag mdangs skye zhing *//	4	de nas dzum bag mdangs skye zhing 
BO_NG_0704:4-101	me stag 'od dang 'ja' tshon 'byung *//	4	me stag d dang ja tshon byung 
BO_NG_0704:4-102	kha smra ba ni thun mong ste //	4	kha smra ba ni thun mong ste 
BO_NG_0704:4-103	so so'i rtags rnams bshad par bya //	4	so so rtags rnams chad ba byed 
BO_NG_0704:4-104	de nas ro nyid bsgral bar bya //	4	de nas ro nyid bsgral ba byed 
BO_NG_0704:4-105	dang po mchan khung g.yas pa nas //	4	dang po mchan khung g.yas ba nas 
BO_NG_0704:4-106	tsit+ta rin chen dbyung bar bya //	4	tsit+ta rin chen byin ba byed 
BO_NG_0704:4-107	so so'i dkyil 'khor ma subs par //	4	so so dkyil khor ma subs ba 
BO_NG_0704:4-108	shun chen bshus la nang nas mnyes //	4	shun chen bshus la nang nas mnyes 
BO_NG_0704:4-109	de ni dngos grub dkyil 'khor te //	4	de ni dngos grub dkyil khor te 
BO_NG_0704:4-110	rang gi snying dang 'dra ba ru //	4	rang gi snying dang dra ba ru 
BO_NG_0704:4-111	sha khrag dngos grub blang bar bya //	4	sha khrag dngos grub blang ba byed 
BO_NG_0704:4-112	bya dang khyi la bstan mi bya //	4	byed dang khyi la ston mi byed 
BO_NG_0704:4-113	dbang po lnga ni gtor ma'i rdzas //	4	dbang po lnga ni thor ma rdzas 
BO_NG_0704:4-114	klad pa rkang dang tshil bu rnams //	4	klad ba rkang dang tshil bu rnams 
BO_NG_0704:4-115	ma 'dres til mar sbyin sreg bya //	4	ma dre til mar sbyin sreg byed 
BO_NG_0704:4-116	sha ni brdugs bskams phye mar bya //	4	sha ni rdug skem byed mar byed 
BO_NG_0704:4-117	dus drug pa la mchod pa bya //	4	dus drug ba la mchod ba byed 
BO_NG_0704:4-118	ling ga snying nang bcug gyur na //	4	ling ga snying nang jug gyur na 
BO_NG_0704:4-119	nams kyang bdun nam dgu nyid na //	4	nams kyang bdun nam dgu nyid na 
BO_NG_0704:4-120	gang yang rung ste sgrol par 'gyur //	4	gang yang rung ste sgrol ba gyur 
BO_NG_0704:4-121	zhes gsungs so //	4	zhes gsungs so 
BO_NG_0704:4-122	snying zor nag mo'i rgyud las //	4	snying zor nag mo brgyud las 
BO_NG_0704:4-123	ro langs sgrol byed yang snying gsang ba'i skabs te brgyad pa'o // // de nas ser ba dang *// ltas ngan dbab pa 'di gsungs so //	4	ro ldang sgrol byed yang snying gsang ba skabs te brgyad ba de nas ser ba dang ltas ngan bebs ba di gsungs so 
BO_NG_0704:4-124	de nyid gsang ba'i thod pa la //	4	de nyid gsang ba thod ba la 
BO_NG_0704:4-125	lte bar dkyil 'khor bskyed par bya //	4	lte ba dkyil khor skyed ba byed 
BO_NG_0704:4-126	sgrub dang rbad bsad de nyid de //	4	sgrub dang rbod bsad de nyid de 
BO_NG_0704:4-127	ltas ngan ser ba dbab pa'i sngags *//	4	ltas ngan ser ba bebs ba sngags 
BO_NG_0704:4-128	so sor phye ste bstan par bya //	4	so sor byed ste ston ba byed 
BO_NG_0704:4-129	she'u re'u she'u re'u //	4	sheu reu sheu reu 
BO_NG_0704:4-130	tra ma ru sha sha dza dza //	4	tra ma ru sha sha dza dza 
BO_NG_0704:4-131	ma ling ling b+h+yo b+h+yo //	4	ma ling ling b+h+yo b+h+yo 
BO_NG_0704:4-132	tri byi ri shig shag / rag sha @#//	4	tri byi ri shig shag rag sha 
BO_NG_0704:4-133	kye gong *// i rab ri //	4	kye gong i rab ri 
BO_NG_0704:4-134	badzra ba sha la //	4	badzra ba sha la 
BO_NG_0704:4-135	to ri ta sha 'dus 'dus b+h+yo //	4	to ri ta sha du du b+h+yo 
BO_NG_0704:4-136	zhes gsungs so //	4	zhes gsungs so 
BO_NG_0704:4-137	snying zor nag mo'i rgyud las //	4	snying zor nag mo brgyud las 
BO_NG_0704:4-138	ser ba dang ltas ngan dbab pa'i skabs te dgu pa'o ///	4	ser ba dang ltas ngan bebs ba skabs te dgu ba 
BO_NG_0704:4-139	/ snying zor nag mo'i rgyud sngags //	4	snying zor nag mo brgyud sngags 
BO_NG_0704:4-140	bu dang rgyal po ma gtogs pa //	4	bu dang rgyal po ma gtogs ba 
BO_NG_0704:4-141	gzhan la sbyin re na ra skan //	4	gzhan la sbyin re na ra skan 
BO_NG_0704:4-142	mnga' bdag sras kyi btsas su zhog / so phag shi thabs kha tha ma //	4	mnga bdag sras kyi btsas su zhog so phag chi thabs kha tha ma 
