segmentnr	original	stemmed
BO_T04_D3883:45a-6	de lta bas na zhes bya ba la sogs pa ni mjug sdud pa ste rtogs par sla'o //	de lta ba na zhes byed ba la sogs ba ni mjug sdud ba ste rtogs ba sla 
BO_T04_D3883:45a-7	gal te snang ba'i ngo bo gang yin pa de mi 'gog na 'o na ci 'gog snyam pa la /	gal te snang ba ngo bo gang yin ba de mi gog na mang na ci gog snyam ba la 
BO_T04_D3883:45a-8	bshad pa / rnam pa gang snang ba min la /	chad ba rnam ba gang snang ba min la 
BO_T04_D3883:45a-9	smra ba gzhan gyis yongs su brtags pa de nyid 'gog ces bya bar sbyar ro //	smra ba gzhan gyis yongs su rtog ba de nyid gog ces byed ba sbyor ro 
BO_T04_D3883:45a-10	de yang ni zhes bya ba ni dmigs kyis bsal ba'o //	de yang ni zhes byed ba ni dmigs kyis bsal ba 
BO_T04_D3883:45a-11	rnam pa de gang yin snyam pa la /	rnam ba de gang yin snyam ba la 
BO_T04_D3883:45a-12	yang dag par zhes bya sogs par zhes bya ba smos so //	yang dag ba zhes byed sogs ba zhes byed ba smos so 
BO_T04_D3883:45a-13	de gang yin snyam pa la /	de gang yin snyam ba la 
BO_T04_D3883:45a-14	skye la sogs pa zhes bya ba smos so //	skye la sogs ba zhes byed ba smos so 
BO_T04_D3883:45a-15	gang yang zhes bya ba la sogs pa rnam par 'grel pa ni khong du chud par sla'o //	gang yang zhes byed ba la sogs ba rnam ba grel ba ni khong du chud ba sla 
BO_T04_D3883:45a-16	bstan bcos la sogs pa la brten nas zhes bya ba la sogs pa smos pas ni /	ston chos la sogs ba la rten nas zhes byed ba la sogs ba smos ba ni 
BO_T04_D3883:45a-17	grogs po ngan pa la brten pa dang / log pa la goms pa'i bag chags thog ma med pa'i dus can la brten pa yang gzung ngo //	grogs po ngan ba la rten ba dang log ba la goms ba bag chags thogs ma med ba dus can la rten ba yang gzung ngo 
BO_T04_D3883:45a-18	ci'i phyir de nyid 'gog snyam pa la /	ci phyir de nyid gog snyam ba la 
BO_T04_D3883:45a-19	de bkag pa la zhes bya ba la sogs pa smos so //	de gog ba la zhes byed ba la sogs ba smos so 
BO_T04_D3883:45a-20	de bas rigs pas smra ba'i lta ba /	de ba rigs ba smra ba lta ba 
BO_T04_D3883:45a-21	'dir ni de lta bu ji skad smos pa'i rnam pas brtags pa kho na ste /	dir ni de lta bu ji skad smos ba rnam ba rtog ba kho na ste 
BO_T04_D3883:45a-22	mi snang ba la yang dag par skye ba la sogs par rtog pas sgro btags pa kho na /	mi snang ba la yang dag ba skye ba la sogs ba rtogs ba sgro dogs ba kho na 
BO_T04_D3883:45a-23	dgag par rigs te rigs pas rung ngo zhes bya ba'i tha tshig go //	gog ba rigs te rigs ba rung ngo zhes byed ba tha tshig go 
BO_T04_D3883:45a-24	gal te ci'i phyir zhe na /	gal te ci phyir zhe na 
BO_T04_D3883:45a-25	bshad pa / ji skad smos pa'i nyes pa med pa'i phyir ro //	chad ba ji skad smos ba nyes ba med ba phyir ro 
BO_T04_D3883:45a-26	gong du brjod pa mngon sum la sogs pa dang 'gal ba'i nyes pa med pa'i phyir ro zhes bya ba'i tha tshig go //	gong du rjod ba mngon sum la sogs ba dang gal ba nyes ba med ba phyir ro zhes byed ba tha tshig go 
BO_T04_D3883:45a-27	brtags pa ma yin 'gog pa 'di //	rtog ba ma yin gog ba di 
BO_T04_D3883:45a-28	zhes bya ba la sogs pa ni /	zhes byed ba la sogs ba ni 
BO_T04_D3883:45a-29	gzugs la sogs pa'i lus rtog pa'i nyes pas ma spangs pa zhes bya ba la sogs pas 'grel te /	gzugs la sogs ba lus rtogs ba nyes ba ma spong ba zhes byed ba la sogs ba grel te 
BO_T04_D3883:45a-30	rtog pa nyid nyes pa yin no //	rtogs ba nyid nyes ba yin no 
BO_T04_D3883:45a-31	gzugs la sogs pa'i lus 'di la des ma spags pa kho na yod pas zhes tshig rnam par sbyar ro //	gzugs la sogs ba lus di la des ma spog ba kho na yod ba zhes tshig rnam ba sbyor ro 
BO_T04_D3883:45a-32	ci lta bu zhig ce na /	ci lta bu jig ce na 
BO_T04_D3883:45a-33	rgyu dang rkyen la rag las te skye bas gzhan gyi dbang gi bdag nyid do //	rgyu dang rkyen la rag las te skye ba gzhan gyi dbang gi bdag nyid do 
BO_T04_D3883:45a-34	ci'i phyir lus rtog pa'i nyes pas ma spags pa can yin snyam pa la /	ci phyir lus rtogs ba nyes ba ma spog ba can yin snyam ba la 
BO_T04_D3883:45b-0	bshad pa / rnam par shes pa tsam snang ba yin te rtog pas @45b dben pa'i shes pa snang ba zhes bya ba'i tha tshig go //	chad ba rnam ba shes ba tsam snang ba yin te rtogs ba dben ba shes ba snang ba zhes byed ba tha tshig go 
BO_T04_D3883:45b-1	tsam smos pa ni rtog pa dang lhan cig pa rnam par gcod par byed pa'o //	tsam smos ba ni rtogs ba dang lhan cig ba rnam ba gcod ba byed ba 
BO_T04_D3883:45b-2	gzugs la sogs pa de lta bu de ni rang rig pa'i phyir /	gzugs la sogs ba de lta bu de ni rang rig ba phyir 
BO_T04_D3883:45b-3	dgag par bya mi nus pa 'ba' zhig tu ma zad kyi /	gog ba byed mi nus ba ba jig tu ma zad kyi 
BO_T04_D3883:45b-4	'gog par byed na byed pa po la phyir gnod pa kho na byed do zhes bya bar sbyar ro //	gog ba byed na byed ba po la phyir gnod ba kho na byed do zhes byed ba sbyor ro 
BO_T04_D3883:45b-5	gang gis she na /	gang gis she na 
BO_T04_D3883:45b-6	bshad pa / mngon sum la sogs pas so //	chad ba mngon sum la sogs ba so 
BO_T04_D3883:45b-7	sogs pa smos pas ni /	sogs ba smos ba ni 
BO_T04_D3883:45b-8	rjes su dpag pa la sogs pa nang du bsdu bar bya'o //	rjes su dpog ba la sogs ba nang du sdud ba byed 
BO_T04_D3883:45b-9	gal te gzugs la sogs pa snang ba la yang dag par skye ba la sogs par brtags pa gang yin pa de ni dgag par rigs kyi /	gal te gzugs la sogs ba snang ba la yang dag ba skye ba la sogs ba rtog ba gang yin ba de ni gog ba rigs kyi 
BO_T04_D3883:45b-10	gtso bo la sogs pa dgag pa go snang ba gang gi yin /	gtso bo la sogs ba gog ba go snang ba gang gi yin 
BO_T04_D3883:45b-11	ma yin nam zhe na /	ma yin nam zhe na 
BO_T04_D3883:45b-12	bshad pa / rnam par rtog pa snang ba yi //	chad ba rnam ba rtogs ba snang ba yi 
BO_T04_D3883:45b-13	gtso bo la sogs yang dag par //	gtso bo la sogs yang dag ba 
BO_T04_D3883:45b-14	zhes bya ba la sogs pa smos so //	zhes byed ba la sogs ba smos so 
BO_T04_D3883:45b-15	sogs pa'i sgras ni bdag la sogs pa gzung ngo //	sogs ba sgras ni bdag la sogs ba gzung ngo 
BO_T04_D3883:45b-16	snang ba'i nyams su myong ba'i rtag pa la sogs pa'i ngo bo dngos po'i rgyur gyur par grangs can la sogs pa gzhan gyis brtags pa gang yin pa de 'gog go //	snang ba nyams su myong ba rtag ba la sogs ba ngo bo dngos po rgyur gyur ba grangs can la sogs ba gzhan gyis rtog ba gang yin ba de gog go 
BO_T04_D3883:45b-17	ji ltar brtags she na /	ji ltar rtog she na 
BO_T04_D3883:45b-18	bshad pa / yang dag par ro //	chad ba yang dag ba ro 
BO_T04_D3883:45b-19	kha cig na re 'dus byas yang dag par na mi skye'o zhes bya ba yang dag par zhes bya ba'i tshig 'di 'gog pa'i bye brag yin te ;	kha cig na re du byed yang dag ba na mi skye zhes byed ba yang dag ba zhes byed ba tshig di gog ba bye brag yin te 
BO_T04_D3883:45b-20	de'i phyir 'dus byas yang dag par mi skye'o zhes bya ba ni /	de phyir du byed yang dag ba mi skye zhes byed ba ni 
BO_T04_D3883:45b-21	'di skad du bden pa kho nar mi skye'o zhes bshad pa yin no //	di skad du bden ba kho nar mi skye zhes chad ba yin no 
BO_T04_D3883:45b-22	de lta na yang kun rdzob tu yang mi skye'o zhes bya bar 'gyur te /	de lta na yang kun rdzob tu yang mi skye zhes byed ba gyur te 
BO_T04_D3883:45b-23	de'i phyir khyod la khas blangs pa dang 'gal ba'i nyes par 'gyur ro zhes zer ba de dgag pa'i phyir /	de phyir khyod la khas blangs ba dang gal ba nyes ba gyur ro zhes zer ba de gog ba phyir 
BO_T04_D3883:45b-24	bshad pa / yang dag par skye ba la sogs par brtags pa mi snang ba 'gog par byed pa la yang dag par zhes bya ba'i tshig ni 'gog pa'i bye brag ma yin gyi 'di skad bstan pa yin te /	chad ba yang dag ba skye ba la sogs ba rtog ba mi snang ba gog ba byed ba la yang dag ba zhes byed ba tshig ni gog ba bye brag ma yin gyi di skad ston ba yin te 
BO_T04_D3883:45b-25	yang dag par skye'o zhes gang pha rol pos khas blangs pa de dgag par sbyar gyi /	yang dag ba skye zhes gang pha rol pos khas blangs ba de gog ba sbyor gyi 
BO_T04_D3883:45b-26	'di 'gog pa'i bye brag ni ma yin no //	di gog ba bye brag ni ma yin no 
BO_T04_D3883:45b-27	de'i phyir gang gis na khas blangs pa dang 'gal bar 'gyur ba /	de phyir gang gis na khas blangs ba dang gal ba gyur ba 
BO_T04_D3883:45b-28	kun rdzob ji ltar med par 'gyur //	kun rdzob ji ltar med ba gyur 
BO_T04_D3883:45b-29	zhes bshad pa yin no //	zhes chad ba yin no 
BO_T04_D3883:46a-0	gzhan gyi dbang bsgrub par bya ba'i phyir mdo gang dag 'phags pa rnams kyis gsungs pa de dag 'di kho nar rung ngo zhes bya bar bstan pa'i phyir mdo @46a * //	gzhan gyi dbang sgrub ba byed ba phyir mdo gang dag phag ba rnams kyis gsungs ba de dag di kho nar rung ngo zhes byed ba ston ba phyir mdo 
BO_T04_D3883:46a-1	rnams bshad par 'dod nas /	rnams chad ba dod nas 
BO_T04_D3883:46a-2	de nyid kyi phyir zhes bya ba la sogs pa smos so //	de nyid kyi phyir zhes byed ba la sogs ba smos so 
BO_T04_D3883:46a-3	gzhan la ni gzhan gyi dbang bkag pa'i phyir /	gzhan la ni gzhan gyi dbang gog ba phyir 
BO_T04_D3883:46a-4	ji ltar mi 'thad pa de bzhin du bshad zin to //	ji ltar mi thad ba de bzhin du chad zin to 
BO_T04_D3883:46a-5	yang dag par skye ba la sogs pa'i mtshan nyid du /	yang dag ba skye ba la sogs ba mtshan nyid du 
BO_T04_D3883:46a-6	brtags pa'i dngos po yod ma yin//	rtog ba dngos po yod ma 
BO_T04_D3883:46a-7	gzhan gyi dbang ni yod pa ste //	gzhan gyi dbang ni yod ba ste 
BO_T04_D3883:46a-8	rten cing 'brel bar 'byung ba'i dngos po ji ltar snang ba bzhin zhes bya ba'i tha tshig go //	rten cing brel ba byung ba dngos po ji ltar snang ba bzhin zhes byed ba tha tshig go 
BO_T04_D3883:46a-9	brtags pa yod do zhes smra na sgro 'dogs pa'i mthar ltung ngo //	rtog ba yod do zhes smra na sgro dogs ba mthar ltung ngo 
BO_T04_D3883:46a-10	ji ltar snang ba bzhin yang med do zhes smra na /	ji ltar snang ba bzhin yang med do zhes smra na 
BO_T04_D3883:46a-11	skur ba 'debs pa'i mthar ltung ngo //	skur ba debs ba mthar ltung ngo 
BO_T04_D3883:46a-12	de'i phyir / sgro 'dogs pa dang skur 'debs pa'i //	de phyir sgro dogs ba dang skur debs ba 
BO_T04_D3883:46a-13	mthar rtogs pa ni phung bar 'gyur //	mthar rtogs ba ni phung ba gyur 
BO_T04_D3883:46a-14	gzhan gyi dbang gi mtshan nyid kyi //	gzhan gyi dbang gi mtshan nyid kyi 
BO_T04_D3883:46a-15	chos rnams thams cad brtags pa yi //	chos rnams thams cad rtog ba yi 
BO_T04_D3883:46a-16	ngo bo nyid kyis ma skyes so //	ngo bo nyid kyis ma skye so 
BO_T04_D3883:46a-17	ji ltar snang ba bzhin ni rang gi ngo bos skyes pa kho na yin no //	ji ltar snang ba bzhin ni rang gi ngo bod skye ba kho na yin no 
BO_T04_D3883:46a-18	de lta ma yin na brtags pa zhes bya ba'i bye brag don med par 'gyur ro //	de lta ma yin na rtog ba zhes byed ba bye brag don med ba gyur ro 
BO_T04_D3883:46a-19	mi rnams gzhan gyi dbang dngos po ji ltar snang ba gzhan skyes pa la brten nas rnam par rtog pa 'byung ngo //	mi rnams gzhan gyi dbang dngos po ji ltar snang ba gzhan skye ba la rten nas rnam ba rtogs ba byung ngo 
BO_T04_D3883:46a-20	gzugs la brtags pa med pa ste //	gzugs la rtog ba med ba ste 
BO_T04_D3883:46a-21	des dben pa ni gzhan gyi dbang gi dngos po yin no //	des dben ba ni gzhan gyi dbang gi dngos po yin no 
BO_T04_D3883:46a-22	de yang ngo bo nyid yin pas /	de yang ngo bo nyid yin ba 
BO_T04_D3883:46a-23	rab 'byor gzugs ni gzugs med pa'i ngo bo nyid yin zhes rgyas par 'byung ngo zhes bya ba yang brjod par rung ngo //	rab byor gzugs ni gzugs med ba ngo bo nyid yin zhes rgya ba byung ngo zhes byed ba yang rjod ba rung ngo 
BO_T04_D3883:46a-24	brgya zhig la dngos po gang zhig med pa de la gzugs kyang med na ji ltar ngo bo nyid du 'gyur bar 'os zhes smra bar 'gyur bas /	brgya jig la dngos po gang jig med ba de la gzugs kyang med na ji ltar ngo bo nyid du gyur ba s zhes smra ba gyur ba 
BO_T04_D3883:46a-25	de ltar byas na zhes bya ba la sogs pa smos so //	de ltar byed na zhes byed ba la sogs ba smos so 
BO_T04_D3883:46a-26	'di snyam du gzhan gyi dbang ji ltar snang ba bzhin yod pa'i phyir /	di snyam du gzhan gyi dbang ji ltar snang ba bzhin yod ba phyir 
BO_T04_D3883:46a-27	gzugs med pa'i ngo bo nyid ces bya ba'i tshig ni kho bo kho na la rung gi khyod la ni ma yin te /	gzugs med ba ngo bo nyid ces byed ba tshig ni kho bo kho na la rung gi khyod la ni ma yin te 
BO_T04_D3883:46a-28	de tshul ji lta ba bzhin du bkag pa'i phyir ro snyam du bsams pa'o //	de tshul ji lta ba bzhin du gog ba phyir ro snyam du bsams ba 
BO_T04_D3883:46a-29	de lta na gzugs med pa'i ngo bo nyid ces bya ba'i tshig 'di'i don ni gzhan gyi dbang brtags pa'i ngo bos dben pa'i ngo bo nyid yin no zhes bya bar 'gyur ro //	de lta na gzugs med ba ngo bo nyid ces byed ba tshig di don ni gzhan gyi dbang rtog ba ngo bod dben ba ngo bo nyid yin no zhes byed ba gyur ro 
BO_T04_D3883:46a-30	las dang 'bras bu dag ji ltar //	las dang bras bu dag ji ltar 
BO_T04_D3883:46a-31	rnam par gnas zhes bya ba lhag ma'o //	rnam ba gnas zhes byed ba lhag ma 
BO_T04_D3883:46a-32	bsam pa ni las dang 'bras bu dag ni dbang po'i yul ma yin pa'i phyir ji ltar snang ba bzhin rnam par gnas par rigs pa ma yin no snyam pa 'di yin no //	bsam ba ni las dang bras bu dag ni dbang po yul ma yin ba phyir ji ltar snang ba bzhin rnam ba gnas ba rigs ba ma yin no snyam ba di yin no 
BO_T04_D3883:46b-0	@46b mthong ba po'i lta ba la zhes bya ba la sogs pas ni 'di skad du /	mthong ba po lta ba la zhes byed ba la sogs ba ni di skad du 
BO_T04_D3883:46b-1	dngos po ni khyod kho na'i mthong ba ltar rnam par gnas pa ma yin gyi /	dngos po ni khyod kho na mthong ba ltar rnam ba gnas ba ma yin gyi 
BO_T04_D3883:46b-2	de gang gis ji ltar mthong ba de'i mthong ba la yang brten nas de ji ltar snang ba bzhin rnam par gnas la /	de gang gis ji ltar mthong ba de mthong ba la yang rten nas de ji ltar snang ba bzhin rnam ba gnas la 
BO_T04_D3883:46b-3	bcom ldan 'das kyis kyang las dang 'bras bu ji ltar gzigs pa de bzhin du /	joms ldan da kyis kyang las dang bras bu ji ltar gzigs ba de bzhin du 
BO_T04_D3883:46b-4	bcom ldan 'das kyi gzigs pa la brten nas de gnyis rnam par gnas pas de'i phyir /	joms ldan da kyi gzigs ba la rten nas de gnyis rnam ba gnas ba de phyir 
BO_T04_D3883:46b-5	thams cad ji ltar snang bzhin gnas //	thams cad ji ltar snang bzhin gnas 
BO_T04_D3883:46b-6	zhes bya ba la sogs pa smos te /	zhes byed ba la sogs ba smos te 
BO_T04_D3883:46b-7	ri rab la sogs pa yang snyam du bsams pa'o //	ri rab la sogs ba yang snyam du bsams ba 
BO_T04_D3883:46b-8	'di la gzigs pa snang ba thogs pa mi mnga' ba yod pas zhes tshig rnam par sbyar ro //	di la gzigs ba snang ba thogs ba mi mnga ba yod ba zhes tshig rnam ba sbyor ro 
BO_T04_D3883:46b-9	thugs rje'i rang bzhin can zhes bya ba'i rang bzhin ni rgyu 'am ngo bo nyid yin no //	thugs rje rang bzhin can zhes byed ba rang bzhin ni rgyu mang ngo bo nyid yin no 
BO_T04_D3883:46b-10	rtog pas bcings pa gzigs nas ni //	rtogs ba ching ba gzigs nas ni 
BO_T04_D3883:46b-11	ji ltar snang ba bzhin kho na zhes bya ba lhag ma'o //	ji ltar snang ba bzhin kho na zhes byed ba lhag ma 
BO_T04_D3883:46b-12	de nyid kyis zhes bya ba ni sngar bstan pa las dang 'bras bu dag gzigs pa po yin par ston te //	de nyid kyis zhes byed ba ni sngar ston ba las dang bras bu dag gzigs ba po yin ba ston te 
BO_T04_D3883:46b-13	sogs pa smos bas ni /	sogs ba smos ba ni 
BO_T04_D3883:46b-14	phung po dang khams la sogs pa yongs su bsdu'o //	phung po dang khams la sogs ba yongs su sdud 
BO_T04_D3883:46b-15	'gro ba rtog pa'i lcags sgrog gis bcings pa la gzigs nas /	gro ba rtogs ba lcags sgrog gis ching ba la gzigs nas 
BO_T04_D3883:46b-16	'gro ba bcings pa thar pa bstan pa mdzad do zhes bya bar sbyar ro //	gro ba ching ba thar ba ston ba mdzad do zhes byed ba sbyor ro 
BO_T04_D3883:46b-17	gang du bcings she na /	gang du ching she na 
BO_T04_D3883:46b-18	'khor ba'i btson rar ro //	khor ba btson rar ro 
BO_T04_D3883:46b-19	bcings ba thar pa bstan pa mdzad pa de su snyam pa la /	ching ba thar ba ston ba mdzad ba de su snyam ba la 
BO_T04_D3883:46b-20	bshad pa / bcom ldan 'das las dang 'bras bu mkhyen pa'i thugs rje'i rang bzhin can gyi sku can de nyid do //	chad ba joms ldan da las dang bras bu mkhyen ba thugs rje rang bzhin can gyi sku can de nyid do 
BO_T04_D3883:46b-21	'di la thugs rje'i rang bzhin gyi sku yod pas zhes tshig rnam par sbyar ro //	di la thugs rje rang bzhin gyi sku yod ba zhes tshig rnam ba sbyor ro 
BO_T04_D3883:46b-22	ci mdzad de zhe na /	ci mdzad de zhe na 
BO_T04_D3883:46b-23	dngos por 'dzin pa ma lus par sel bar mdzad cing ngo //	dngos por dzin ba ma lus ba sel ba mdzad cing ngo 
BO_T04_D3883:46b-24	ji ltar zhe na /	ji ltar zhe na 
BO_T04_D3883:46b-25	bshad pa / rim gyis so //	chad ba rim gyis so 
BO_T04_D3883:46b-26	rim pa gang gis she na /	rim ba gang gis she na 
BO_T04_D3883:46b-27	bsam pa ji lta ba bzhin du phung po la sogs pa bstan pas so //	bsam ba ji lta ba bzhin du phung po la sogs ba ston ba so 
BO_T04_D3883:46b-28	ji ste rtogs pa zhes bya ba 'di ci yin zhes bya ba 'di la bsam pa ni chos thams cad ngo bo nyid med pa yin na rtog pa zhes bya ba ci yang med do snyam pa 'di yin no //	ji ste rtogs ba zhes byed ba di ci yin zhes byed ba di la bsam ba ni chos thams cad ngo bo nyid med ba yin na rtogs ba zhes byed ba ci yang med do snyam ba di yin no 
BO_T04_D3883:46b-29	ci yin zhes bya ba'i sgra ni spong ba'o //	ci yin zhes byed ba sgra ni spong ba 
BO_T04_D3883:46b-30	sgro btags rnam can rtog pa yin //	sgro dogs rnam can rtogs ba yin 
BO_T04_D3883:46b-31	zhes bya ba 'dis ni /	zhes byed ba dis ni 
BO_T04_D3883:46b-32	'di thams cad ni ji ltar snang ba bzhin rnam par gnas te /	di thams cad ni ji ltar snang ba bzhin rnam ba gnas te 
BO_T04_D3883:47a-0	de'i phyir khams gsum pa'i sems dang sems las byung ba @47a * //	de phyir khams gsum ba sems dang sems las byung ba 
BO_T04_D3883:47a-1	sgro btags pa'i rnam pa can rtog pa yang ji ltar snang ba bzhin kho na yin no zhes de ston par byed do //	sgro dogs ba rnam ba can rtogs ba yang ji ltar snang ba bzhin kho na yin no zhes de ston ba byed do 
BO_T04_D3883:47a-2	de lta bu yin du zad mod 'on kyang khams gsum pa'i sems dang sems las byung ba rnams ngo bo nyid med pa yin no /	de lta bu yin du zad mod n kyang khams gsum ba sems dang sems las byung ba rnams ngo bo nyid med ba yin no 
BO_T04_D3883:47a-3	ji ltar 'ching ba'i rgyu nyid du gsungs snyam pa la /	ji ltar ching ba rgyu nyid du gsungs snyam ba la 
BO_T04_D3883:47a-4	de dag 'ching ba'i rgyu nyid du /	de dag ching ba rgyu nyid du 
BO_T04_D3883:47a-5	ji ltar rnam pa gang gis gzigs pa de bzhin gsungs /	ji ltar rnam ba gang gis gzigs ba de bzhin gsungs 
BO_T04_D3883:47a-6	ji ltar snang ba bzhin 'ching ba'i rgyu nyid du zhes bya ba lhag ma'o //	ji ltar snang ba bzhin ching ba rgyu nyid du zhes byed ba lhag ma 
BO_T04_D3883:47a-7	de dag kyang zhes bya ba la sogs pas tshig le'ur byas pa'i cha 'di nyid gsal bar byed do //	de dag kyang zhes byed ba la sogs ba tshig leur byed ba cha di nyid gsal ba byed do 
BO_T04_D3883:47a-8	ci'i phyir / yang dag par ni ma yin zhe na /	ci phyir yang dag ba ni ma yin zhe na 
BO_T04_D3883:47a-9	'di ltar de dag med pa'i phyir ro //	di ltar de dag med ba phyir ro 
BO_T04_D3883:47a-10	gal te de lta na ji ltar med pa rnams don bya ba dag la nus snyam pa la /	gal te de lta na ji ltar med ba rnams don byed ba dag la nus snyam ba la 
BO_T04_D3883:47a-11	bshad pa / med pa lcags sgrog la sogs pa rnams kyang don bya ba dag la nus pa ji ltar snang ba bzhin du 'dod de /	chad ba med ba lcags sgrog la sogs ba rnams kyang don byed ba dag la nus ba ji ltar snang ba bzhin du dod de 
BO_T04_D3883:47a-12	'di ltar lcags sgrog la sogs pa yang phyogs kyi chas gzhigs na med pa nyid do //	di ltar lcags sgrog la sogs ba yang phyogs kyi cha gzhigs na med ba nyid do 
BO_T04_D3883:47a-13	yang na srid pa'o //	yang na srid ba 
BO_T04_D3883:47a-14	'di ni rnam par dbye ba'i phyir /	di ni rnam ba byed ba phyir 
BO_T04_D3883:47a-15	med pa rnams kyang zhes bya ba smos te /	med ba rnams kyang zhes byed ba smos te 
BO_T04_D3883:47a-16	'ching ba la sogs pa'i don byed par mi 'gal ba kho na'o zhes bya bar sbyar ro //	ching ba la sogs ba don byed ba mi gal ba kho na zhes byed ba sbyor ro 
BO_T04_D3883:47a-17	ji ltar snyam pa la /	ji ltar snyam ba la 
BO_T04_D3883:47a-18	ji ltar grags pa bzhin zhes bya ba smos te /	ji ltar grags ba bzhin zhes byed ba smos te 
BO_T04_D3883:47a-19	ji ltar snang ba bzhin zhes bya ba'i tha tshig go //	ji ltar snang ba bzhin zhes byed ba tha tshig go 
BO_T04_D3883:47a-20	ci'i phyir yang dag par ma yin zhe na /	ci phyir yang dag ba ma yin zhe na 
BO_T04_D3883:47a-21	yang dag par na 'ching ba dang bcing bar bya ba dag kyang med do zhes bya ba smos so //	yang dag ba na ching ba dang ching ba byed ba dag kyang med do zhes byed ba smos so 
BO_T04_D3883:47a-22	ci 'dra snyam na /	ci dra snyam na 
BO_T04_D3883:47a-23	bshad pa / 'ching ba bzhin no //	chad ba ching ba bzhin no 
BO_T04_D3883:47a-24	'ching ba ni lcags sgrog la sogs pa'o //	ching ba ni lcags sgrog la sogs ba 
BO_T04_D3883:47a-25	med pa rnams kyi nus pa yang ji ltar snang ba bzhin du 'dod do zhes bya ba 'di de ltar shes par bya ste /	med ba rnams kyi nus ba yang ji ltar snang ba bzhin du dod do zhes byed ba di de ltar shes ba byed ste 
BO_T04_D3883:47a-26	'di ltar / yod pa rnams kyi nus pa ni //	di ltar yod ba rnams kyi nus ba ni 
BO_T04_D3883:47a-27	ji ltar bur yang mi mthong ngo //	ji ltar bur yang mi mthong ngo 
BO_T04_D3883:47a-28	sangs rgyas rnams kyis kyang zhes bya ba lhag ma'o //	sangs rgya rnams kyis kyang zhes byed ba lhag ma 
BO_T04_D3883:47a-29	'di rnam par 'grel par byed de /	di rnam ba grel ba byed de 
BO_T04_D3883:47a-30	yod pa rnams kyi nus pa ni sangs rgyas kyis kyang gzigs par mi spyod ces bya bar sbyar ro //	yod ba rnams kyi nus ba ni sangs rgya kyis kyang gzigs ba mi spyod ces byed ba sbyor ro 
BO_T04_D3883:47a-31	ci la zhe na /	ci la zhe na 
BO_T04_D3883:47a-32	don byed pa dag la'o //	don byed ba dag la 
BO_T04_D3883:47a-33	ci'i phyir snyam pa la /	ci phyir snyam ba la 
BO_T04_D3883:47a-34	bshad pa / shes pa rnam pa med pa dang // rnam pa dang ldan pas yongs su gcod pa med pa'i phyir ro //	chad ba shes ba rnam ba med ba dang rnam ba dang ldan ba yongs su gcod ba med ba phyir ro 
BO_T04_D3883:47a-35	'o na gzhan zhig yongs su gcod par byed par 'gyur ro snyam pa la /	mang na gzhan jig yongs su gcod ba byed ba gyur ro snyam ba la 
BO_T04_D3883:47b-0	yongs su gcod par byed pa gzhan yang zhes bya ba la sogs pa @47b smos so //	yongs su gcod ba byed ba gzhan yang zhes byed ba la sogs ba smos so 
BO_T04_D3883:47b-1	med pa la ni bye brag ci yang med pas ji ltar 'dod chags la sogs pa 'ching bar nus pa ltar sdug bsngal la chos shes pa'i bzod pa la sogs pa yang de dang 'dra bar 'gyur la /	med ba la ni bye brag ci yang med ba ji ltar dod chags la sogs ba ching ba nus ba ltar sdug sngal la chos shes ba bzod ba la sogs ba yang de dang dra ba gyur la 
BO_T04_D3883:47b-2	ji ltar sdug bsngal la chos shes pa'i bzod pa la sogs pas thar par nus pa ltag /	ji ltar sdug sngal la chos shes ba bzod ba la sogs ba thar ba nus ba ltag 
BO_T04_D3883:47b-3	'dod chags la sogs pa yang de dang 'dra bar 'gyur ba ma yin nam zhe na /	dod chags la sogs ba yang de dang dra ba gyur ba ma yin nam zhe na 
BO_T04_D3883:47b-4	bshad pa / 'dod chags la sogs pa dang / sdug bsngal la chos shes pa'i bzod pa la sogs pa gang las 'ching ba dang thar pa gang zhig yod par thams cad mkhyen pas gzigs pa de yod na /	chad ba dod chags la sogs ba dang sdug sngal la chos shes ba bzod ba la sogs ba gang las ching ba dang thar ba gang jig yod ba thams cad mkhyen ba gzigs ba de yod na 
BO_T04_D3883:47b-5	'dod chags la sogs pa dang sdug bsngal la chos shes pa'i bzod pa la sogs pa de yod na 'ching ba dang thar pa de nges par yod do //	dod chags la sogs ba dang sdug sngal la chos shes ba bzod ba la sogs ba de yod na ching ba dang thar ba de nges ba yod do 
BO_T04_D3883:47b-6	de med na 'dod chags la sogs pa dang / sdug bsngal la chos shes pa'i bzod pa la sogs pa de med na 'ching ba dang thar pa 'di med pa nyid do //	de med na dod chags la sogs ba dang sdug sngal la chos shes ba bzod ba la sogs ba de med na ching ba dang thar ba di med ba nyid do 
BO_T04_D3883:47b-7	rgyu de'i phyir ha cang thal bar mi 'gyur te /	rgyu de phyir ha cang thal ba mi gyur te 
BO_T04_D3883:47b-8	'dod chags la sogs pas kyang thar pa ma yin la /	dod chags la sogs ba kyang thar ba ma yin la 
BO_T04_D3883:47b-9	sdug bsngal la chos shes pa la sogs pa'i bzod pas kyang 'ching ba ma yin no zhes bya ba'i tha tshig go //	sdug sngal la chos shes ba la sogs ba bzod ba kyang ching ba ma yin no zhes byed ba tha tshig go 
BO_T04_D3883:47b-10	tha snyad thams cad ji ltar snang ba kho na bzhin 'jug go zhes bya ba de ni de lta yin no zhes bya bar shes par bya ste /	tha snyad thams cad ji ltar snang ba kho na bzhin jug go zhes byed ba de ni de lta yin no zhes byed ba shes ba byed ste 
BO_T04_D3883:47b-11	de'i phyir dngos po khas blangs su zin kyang ngo bo nyid med pa'i lta ba las gzhan pa dngos por smra ba'i lta ba la /	de phyir dngos po khas blangs su zin kyang ngo bo nyid med ba lta ba las gzhan ba dngos por smra ba lta ba la 
BO_T04_D3883:47b-12	dngos po ji lta ba bzhin tha snyad gdags su ni rigs pas mi rung ngo //	dngos po ji lta ba bzhin tha snyad dogs su ni rigs ba mi rung ngo 
BO_T04_D3883:47b-13	ci'i phyir mi rung snyam pa la /	ci phyir mi rung snyam ba la 
BO_T04_D3883:47b-14	mi snang ba'i phyir zhes bya ba smos te /	mi snang ba phyir zhes byed ba smos te 
BO_T04_D3883:47b-15	dngos po'i ngo bo zhes bya ba lhag ma'o //	dngos po ngo bo zhes byed ba lhag ma 
BO_T04_D3883:47b-16	shes pa'i bdag nyid la ni zhes bya ba la sogs pas ni 'di nyid rnam par 'grel to //	shes ba bdag nyid la ni zhes byed ba la sogs ba ni di nyid rnam ba grel to 
BO_T04_D3883:47b-17	rdul phra rab dag dang zhes bya ba ni phyi rol gyi don yod par smra ba'i lta ba la brten te bshad pa'o //	rdul phra rab dag dang zhes byed ba ni phyi rol gyi don yod ba smra ba lta ba la rten te chad ba 
BO_T04_D3883:47b-18	gnyis med pa zhes bya ba ni rnam par shes par smra ba'i lta ba ste /	gnyis med ba zhes byed ba ni rnam ba shes ba smra ba lta ba ste 
BO_T04_D3883:47b-19	de dag gi ltar na rnam par shes pa'i bdag nyid dngos po'i ngo bo gzung ba dang / 'dzin pa'i bdag nyid kyis dben pa ni gnyis med pa yin no //	de dag gi ltar na rnam ba shes ba bdag nyid dngos po ngo bo gzung ba dang dzin ba bdag nyid kyis dben ba ni gnyis med ba yin no 
BO_T04_D3883:47b-20	gal te mi snang du zin kyang kho bo des tha snyad 'dogs par 'gyur ro snyam pa la /	gal te mi snang du zin kyang kho bo des tha snyad dogs ba gyur ro snyam ba la 
BO_T04_D3883:47b-21	mi snang ba la ni zhes bya ba la sogs pa smros so //	mi snang ba la ni zhes byed ba la sogs ba smros so 
BO_T04_D3883:48a-0	gal te gang snang ba des tha snyad 'dogs par 'gyur ro snyam pa la snang ba gang yin pa zhes bya ba la sogs pa @48a * //	gal te gang snang ba des tha snyad dogs ba gyur ro snyam ba la snang ba gang yin ba zhes byed ba la sogs ba 
BO_T04_D3883:48a-1	smos so // ci'i phyir dngos po'i ngo bo kho na ma yin snyam pa la /	smos so ci phyir dngos po ngo bo kho na ma yin snyam ba la 
BO_T04_D3883:48a-2	bshad pa / 'dus pa ni /	chad ba du ba ni 
BO_T04_D3883:48a-3	dngos po ma yin pa'i phyir ro //	dngos po ma yin ba phyir ro 
BO_T04_D3883:48a-4	gnyis kyang dngos po ma yin pa'i phyir ro zhes bya bar bsnyegs so //	gnyis kyang dngos po ma yin ba phyir ro zhes byed ba snyeg so 
BO_T04_D3883:48a-5	'di gnyis las zhes bya ba ni /	di gnyis las zhes byed ba ni 
BO_T04_D3883:48a-6	gnyis dang 'dus pa dag las so//	gnyis dang du ba dag las 
BO_T04_D3883:48a-7	de zhes bya ba ni dngos po'o //	de zhes byed ba ni dngos po 
BO_T04_D3883:48a-8	ci'i phyir des na ci zhes bya /	ci phyir des na ci zhes byed 
BO_T04_D3883:48a-9	nges par ma zin pa de lta bu la ni tha snyad med de /	nges ba ma zin ba de lta bu la ni tha snyad med de 
BO_T04_D3883:48a-10	tha snyad ni nges pa sngon du 'gro ba can yin pa'i phyir ro //	tha snyad ni nges ba sngon du gro ba can yin ba phyir ro 
BO_T04_D3883:48a-11	de'i phyir kho bo cag gis dngos po ji lta ba bzhin tha snyad gdags su ni rigs pas mi rung ngo zhes dam bcas pa gang yin pa de de kho na bzhin du gnas so //	de phyir kho bo cag gis dngos po ji lta ba bzhin tha snyad dogs su ni rigs ba mi rung ngo zhes dam cha ba gang yin ba de de kho na bzhin du gnas so 
BO_T04_D3883:48a-12	sngar ni snang bzhin du yang de nges par mi zin to zhes bya ba de khas blangs nas bshad do //	sngar ni snang bzhin du yang de nges ba mi zin to zhes byed ba de khas blangs nas chad do 
BO_T04_D3883:48a-13	da ni snang ba nyid la yang the tshom yod pas snang zhes bya ba yang zhes bya ba la sogs pa smos so //	da ni snang ba nyid la yang the tshom yod ba snang zhes byed ba yang zhes byed ba la sogs ba smos so 
BO_T04_D3883:48a-14	ci'i phyir mna' chu btung dgos snyam pa la /	ci phyir mna chu thung dgos snyam ba la 
BO_T04_D3883:48a-15	yid ches pa med pa'i phyir zhes bya ba smos te /	yid ches ba med ba phyir zhes byed ba smos te 
BO_T04_D3883:48a-16	nges pa med pa'i phyir zhes bya ba'i tha tshig go //	nges ba med ba phyir zhes byed ba tha tshig go 
BO_T04_D3883:48a-17	sngar ni dngos po'i ngo bo khas blangs nas dngos po ji lta ba bzhin du tha snyad gdags par rigs pas mi rung ngo zhes bshad do //	sngar ni dngos po ngo bo khas blangs nas dngos po ji lta ba bzhin du tha snyad dogs ba rigs ba mi rung ngo zhes chad do 
BO_T04_D3883:48a-18	da ni dngos po'i ngo bo nyid kyang med pa'i phyir /	da ni dngos po ngo bo nyid kyang med ba phyir 
BO_T04_D3883:48a-19	dngos po'i ngo bo mi rung phyir //	dngos po ngo bo mi rung phyir 
BO_T04_D3883:48a-20	zhes bya ba la sogs pa smos te ;	zhes byed ba la sogs ba smos te 
BO_T04_D3883:48a-21	des tha snyad gdags su rigs pas mi rung ngo zhes bya ba lhag ma'o //	des tha snyad dogs su rigs ba mi rung ngo zhes byed ba lhag ma 
BO_T04_D3883:48a-22	ji ltar mi rung zhe na /	ji ltar mi rung zhe na 
BO_T04_D3883:48a-23	tshad ma med pa'i phyir zhes bya ba smos te /	tshad ma med ba phyir zhes byed ba smos te 
BO_T04_D3883:48a-24	dngos po grub par bya ba la zhes bya ba lhag ma'o //	dngos po grub ba byed ba la zhes byed ba lhag ma 
BO_T04_D3883:48a-25	tshad mas gnod pa'i phyir /	tshad mas gnod ba phyir 
BO_T04_D3883:48a-26	yang dngos po'i ngo bo mi rung ngo zhes rnam par dbye ba bsgyur te sbyar ro //	yang dngos po ngo bo mi rung ngo zhes rnam ba byed ba sgyur te sbyor ro 
BO_T04_D3883:48a-27	gnyis po de ji ltar snyam pa la /	gnyis po de ji ltar snyam ba la 
BO_T04_D3883:48a-28	rigs pa'i rjes su 'brangs nas bshad //	rigs ba rjes su brang nas chad 
BO_T04_D3883:48a-29	ces bya ba smos te /	ces byed ba smos te 
BO_T04_D3883:48a-30	mi rung bar ni rnam pa med pa zhes bya ba la sogs pas rigs pa bshad zin to //	mi rung ba ni rnam ba med ba zhes byed ba la sogs ba rigs ba chad zin to 
BO_T04_D3883:48a-31	gnod par ni /	gnod ba ni 
BO_T04_D3883:48a-32	du mas dngos po gcig mi byed //	du mas dngos po gcig mi byed 
BO_T04_D3883:48a-33	ces bya ba la sogs pas rigs pas bshad zin to //	ces byed ba la sogs ba rigs ba chad zin to 
BO_T04_D3883:48a-34	de ltar rab tu bsgrubs nas /	de ltar rab tu sgrub nas 
BO_T04_D3883:48a-35	de lta bas na zhes bya ba la sogs pas mjug sdud par byed do //	de lta ba na zhes byed ba la sogs ba mjug sdud ba byed do 
BO_T04_D3883:48a-36	de la mngon par zhen pa zhes bya ba ni dngos po'i ngo bo la mngon par zhen pa'o //	de la mngon ba zhen ba zhes byed ba ni dngos po ngo bo la mngon ba zhen ba 
BO_T04_D3883:48a-37	ngo bo nyid med pa ni dngos su rigs pa dang ldan zhing tshad mas kyang mi gnod la /	ngo bo nyid med ba ni dngos su rigs ba dang ldan zhing tshad mas kyang mi gnod la 
BO_T04_D3883:48b-0	tha snyad kyang ji ltar snang ba bzhin srid pas de'i @48b phyir khyed dngos po'i ngo bor mngon par zhen pa ni don med pa 'phel bar byed pa'i 'byung gnas khas len par byed pa 'ba' zhig tu zad do //	tha snyad kyang ji ltar snang ba bzhin srid ba de phyir khyed dngos po ngo bor mngon ba zhen ba ni don med ba phel ba byed ba byung gnas khas len ba byed ba ba jig tu zad do 
BO_T04_D3883:48b-1	de lta bas na 'bad de 'di dor bar bya'o snyam pa'i bsam pa dang ldan nas /	de lta ba na bad de di dor ba byed snyam ba bsam ba dang ldan nas 
BO_T04_D3883:48b-2	rang lta chags pas ci zhig bya //	rang lta chags ba ci jig byed 
BO_T04_D3883:48b-3	zhes bya ba la sogs pa smos te /	zhes byed ba la sogs ba smos te 
BO_T04_D3883:48b-4	don gsal bar zad do //	don gsal ba zad do 
BO_T04_D3883:48b-5	gal te lta ba 'di la yang thams cad med pa'i phyir chad par thal bar 'gyur ba ma yin nam zhe na /	gal te lta ba di la yang thams cad med ba phyir chad ba thal ba gyur ba ma yin nam zhe na 
BO_T04_D3883:48b-6	lta ba 'di la zhes bya ba la sogs pa smos so //	lta ba di la zhes byed ba la sogs ba smos so 
BO_T04_D3883:48b-7	ci'i phyir chad par thal bar mi 'gyur zhe na /	ci phyir chad ba thal ba mi gyur zhe na 
BO_T04_D3883:48b-8	gang phyir rgyu las zhes bya ba la sogs pa smos so //	gang phyir rgyu las zhes byed ba la sogs ba smos so 
BO_T04_D3883:48b-9	brgya zhig la chad pa med na 'o na rtag par thal bar 'gyur ro zhes smra bar 'gyur bas /	brgya jig la chad ba med na mang na rtag ba thal ba gyur ro zhes smra ba gyur ba 
BO_T04_D3883:48b-10	de log na ni zhes bya ba smos te /	de log na ni zhes byed ba smos te 
BO_T04_D3883:48b-11	rgyu log na ni 'bras bu log pa la ci'i phyir rtag pa nyid yin smros /	rgyu log na ni bras bu log ba la ci phyir rtag ba nyid yin smros 
BO_T04_D3883:48b-12	ci zhes bya ba'i sgra ni gnyi ga yang spong ba yin no //	ci zhes byed ba sgra ni gnyi ga yang spong ba yin no 
BO_T04_D3883:48b-13	'di rnam par dbye ba'i phyir bshad pa /	di rnam ba byed ba phyir chad ba 
BO_T04_D3883:48b-14	gang gi tshe sems can zhes bya ba'i dngos po 'di /	gang gi tshe sems can zhes byed ba dngos po di 
BO_T04_D3883:48b-15	'khor ba ji srid par 'jug pa zhes bya bar sbyar ro //	khor ba ji srid ba jug ba zhes byed ba sbyor ro 
BO_T04_D3883:48b-16	ji ltar 'jug ce na /	ji ltar jug ce na 
BO_T04_D3883:48b-17	bshad pa / las dang nyon mongs pa'i dbang gis so //	chad ba las dang nyon mongs ba dbang gis so 
BO_T04_D3883:48b-18	ji ltar las dang nyon mongs pa'i dbang gis 'jug ce na /	ji ltar las dang nyon mongs ba dbang gis jug ce na 
BO_T04_D3883:48b-19	bshad pa / ji ltar snang ba bzhin no //	chad ba ji ltar snang ba bzhin no 
BO_T04_D3883:48b-20	de'i tshe 'di chad par ji ltar 'gyur te /	de tshe di chad ba ji ltar gyur te 
BO_T04_D3883:48b-21	mi 'gyur pa nyid do zhes bya ba'i tha tshig go //	mi gyur ba nyid do zhes byed ba tha tshig go 
BO_T04_D3883:48b-22	ji ltar chad par mi 'gyur ba nyid snyam pa la /	ji ltar chad ba mi gyur ba nyid snyam ba la 
BO_T04_D3883:48b-23	'gro ba brgyud pas zhes bya ba la sogs pa smos so //	gro ba brgyud ba zhes byed ba la sogs ba smos so 
BO_T04_D3883:48b-24	gang gi tshe dngos po 'di mya ngan las 'das pa'i grong khyer na gnas pa de'i tshe 'di ji ltar rtag par 'gyur zhes bya bar sbyar ro //	gang gi tshe dngos po di mya ngan las da ba grong khyer na gnas ba de tshe di ji ltar rtag ba gyur zhes byed ba sbyor ro 
BO_T04_D3883:48b-25	ji lta bu zhig yin snyam pa la /	ji lta bu jig yin snyam ba la 
BO_T04_D3883:48b-26	bshad pa / 'phags pa'i bden pa mthong ba nyid me yin te /	chad ba phag ba bden ba mthong ba nyid me yin te 
BO_T04_D3883:48b-27	gang la des las dang nyon mongs pa thams cad bsregs pa yod pa de ni /	gang la des las dang nyon mongs ba thams cad bsregs ba yod ba de ni 
BO_T04_D3883:48b-28	'phags pa'i bden pa mthong ba'i mes las dang nyon mongs pa mtha' dag bsregs pa can no //	phag ba bden ba mthong ba mes las dang nyon mongs ba mtha dag bsregs ba can no 
BO_T04_D3883:48b-29	de bas de ltar na zhes bya ba la sogs pas ni mjug sdud par byed do //	de ba de ltar na zhes byed ba la sogs ba ni mjug sdud ba byed do 
BO_T04_D3883:48b-30	don dam pa'i dngos po'i bdag nyid la lta gnas mi thod pa kho na ste rtag pa dang chad pa'i chos nyid ces bya bar sbyar ro //	don dam ba dngos po bdag nyid la lta gnas mi thod ba kho na ste rtag ba dang chad ba chos nyid ces byed ba sbyor ro 
BO_T04_D3883:48b-31	ci'i phyir gnas mi thod snyam na /	ci phyir gnas mi thod snyam na 
BO_T04_D3883:48b-32	'di ltar zhes bya ba la sogs pa smos te /	di ltar zhes byed ba la sogs ba smos te 
BO_T04_D3883:48b-33	khong du chud par sla'o //	khong du chud ba sla 
BO_T04_D3883:49a-0	de lta yin du chug na ngo bo nyid med par lta ba 'di la thams @49a * //	de lta yin du chug na ngo bo nyid med ba lta ba di la thams 
BO_T04_D3883:49a-1	cad mkhyen pa ji lta bu yin snyam pa la /	cad mkhyen ba ji lta bu yin snyam ba la 
BO_T04_D3883:49a-2	bshad pa / ji ltar snang ba 'di kho na //	chad ba ji ltar snang ba di kho na 
BO_T04_D3883:49a-3	brten nas skyes pa'i dngos po thams cad ni /	rten nas skye ba dngos po thams cad ni 
BO_T04_D3883:49a-4	thams cad mkhyen pas mngon sum gyi tshad mas gzigs zhes bya bar sbyar ro //	thams cad mkhyen ba mngon sum gyi tshad mas gzigs zhes byed ba sbyor ro 
BO_T04_D3883:49a-5	ji lta bu zhig snyam pa la /	ji lta bu jig snyam ba la 
BO_T04_D3883:49a-6	brtags pa'i ngo bos dben pa'i zhes bya ba smos te /	rtog ba ngo bod dben ba zhes byed ba smos te 
BO_T04_D3883:49a-7	ji ltar snang ba zhes bya ba'i sgra ni gzigs pa dang brten te skyes zhes bya ba'i sgra gnyi ga dang sbyar bar drang ngo //	ji ltar snang ba zhes byed ba sgra ni gzigs ba dang rten te skye zhes byed ba sgra gnyi ga dang sbyor ba dren ngo 
BO_T04_D3883:49a-8	'di rnam par dgrol ba'i phyir /	di rnam ba grol ba phyir 
BO_T04_D3883:49a-9	dngos po rnams ngo bo nyid med bzhin du /	dngos po rnams ngo bo nyid med bzhin du 
BO_T04_D3883:49a-10	yang ji ltar snang ba la zhes bya ba smos te /	yang ji ltar snang ba la zhes byed ba smos te 
BO_T04_D3883:49a-11	thams cad mkhyen pa zhes bya'o zhes bya bar sbyar ro //	thams cad mkhyen ba zhes byed zhes byed ba sbyor ro 
BO_T04_D3883:49a-12	ci zhig mdzad ce na /	ci jig mdzad ce na 
BO_T04_D3883:49a-13	dngos po thams cad rnam pa thams cad du mkhyen pa na'o //	dngos po thams cad rnam ba thams cad du mkhyen ba na 
BO_T04_D3883:49a-14	dngos po ji lta bu zhig snyam pa la brten nas skyes pa kho na zhes bya ba smos te /	dngos po ji lta bu jig snyam ba la rten nas skye ba kho na zhes byed ba smos te 
BO_T04_D3883:49a-15	'dir yang ji ltar snang ba bzhin zhes bya bar sbyar ro //	dir yang ji ltar snang ba bzhin zhes byed ba sbyor ro 
BO_T04_D3883:49a-16	gal te brten nas skyes pa kho na ji lta bu zhig snyam pa la /	gal te rten nas skye ba kho na ji lta bu jig snyam ba la 
BO_T04_D3883:49a-17	yang dag par skye ba la sogs pas dben pa zhes bya ba smos so //	yang dag ba skye ba la sogs ba dben ba zhes byed ba smos so 
BO_T04_D3883:49a-18	gang gis mkhyen snyam pa la /	gang gis mkhyen snyam ba la 
BO_T04_D3883:49a-19	mngon sum gyis zhes bya ba smos so //	mngon sum gyis zhes byed ba smos so 
BO_T04_D3883:49a-20	ji lta zhe na /	ji lta zhe na 
BO_T04_D3883:49a-21	bshad pa / cig car ro //	chad ba cig car ro 
BO_T04_D3883:49a-22	rnam par shes par smra ba'i lta ba la ni thams cad mkhyen pa ji ltar yang mi rung bas /	rnam ba shes ba smra ba lta ba la ni thams cad mkhyen ba ji ltar yang mi rung ba 
BO_T04_D3883:49a-23	gang la don gzhan yongs gcod pa //	gang la don gzhan yongs gcod ba 
BO_T04_D3883:49a-24	zhes bya ba la sogs pa smos so //	zhes byed ba la sogs ba smos so 
BO_T04_D3883:49a-25	shes bya nang gi yin par smra ba zhes bya ba la sogs pas ni 'di rnam par 'byed do //	shes byed nang gi yin ba smra ba zhes byed ba la sogs ba ni di rnam ba byed do 
BO_T04_D3883:49a-26	gal te ci'i phyir thams cad mkhyen pa brtags pa kho na yin par 'gyur snyam pa la /	gal te ci phyir thams cad mkhyen ba rtog ba kho na yin ba gyur snyam ba la 
BO_T04_D3883:49a-27	bshad pa / rgyud gzhan la yod pa'i dngos po yongs su mi gcod pa'i phyir ro //	chad ba brgyud gzhan la yod ba dngos po yongs su mi gcod ba phyir ro 
BO_T04_D3883:49a-28	ci'i phyir yongs su mi gcod ce na /	ci phyir yongs su mi gcod ce na 
BO_T04_D3883:49a-29	'di ltar gzung ba dang 'dzin pa med pa'i phyir te /	di ltar gzung ba dang dzin ba med ba phyir te 
BO_T04_D3883:49a-30	de dag nyid kyis de lta ma yin na /	de dag nyid kyis de lta ma yin na 
BO_T04_D3883:49a-31	don dang ldan pa'i phyir rnam par rig pa tsam du nges par 'grub par mi 'gyur ro zhes smras so //	don dang ldan ba phyir rnam ba rig ba tsam du nges ba grub ba mi gyur ro zhes smras so 
BO_T04_D3883:49a-32	ji ste rgyud gzhan la yod pa'i dngos po ci'i phyir yongs su mi gcod snyam na /	ji ste brgyud gzhan la yod ba dngos po ci phyir yongs su mi gcod snyam na 
BO_T04_D3883:49a-33	bshad pa / blo rnam pa dang bcas pa dang cig shos kyis yongs su gcod par mi rung ba'i phyir ro //	chad ba blo rnam ba dang cha ba dang cig shos kyis yongs su gcod ba mi rung ba phyir ro 
BO_T04_D3883:49a-34	rang gi rgyud la yod pa'i dngos po yang de dang 'dra bar yongs su gcod par mi rung ba'i phyir ro zhes bya bar sbyar ro //	rang gi brgyud la yod ba dngos po yang de dang dra ba yongs su gcod ba mi rung ba phyir ro zhes byed ba sbyor ro 
BO_T04_D3883:49a-35	gang gis she na /	gang gis she na 
BO_T04_D3883:49a-36	blos so // ji lta bus she na /	blos so ji lta bud she na 
BO_T04_D3883:49b-0	rnam @49b pa dang bcas pa dang cig shos kyis so //	rnam ba dang cha ba dang cig shos kyis so 
BO_T04_D3883:49b-1	ngo bo nyid med par smra ba'i ltar na ni /	ngo bo nyid med ba smra ba ltar na ni 
BO_T04_D3883:49b-2	thams cad mkhyen pa med pa'i nyes par bshad pa gang yin pa de dag thams cad med pas nyes pa med pa nyid ces bya ba smos so //	thams cad mkhyen ba med ba nyes ba chad ba gang yin ba de dag thams cad med ba nyes ba med ba nyid ces byed ba smos so 
BO_T04_D3883:49b-3	gal te ci'i phyir snyam na /	gal te ci phyir snyam na 
BO_T04_D3883:49b-4	bshad pa / ji ltar grags pa bzhin te /	chad ba ji ltar grags ba bzhin te 
BO_T04_D3883:49b-5	ji ltar snang ba bzhin yongs su gcod pa'i phyir ro //	ji ltar snang ba bzhin yongs su gcod ba phyir ro 
BO_T04_D3883:49b-6	gang gi tshe cung zad kyang mi mthong ba de'i tshe de kho na bzhin gnas te zhes bya ba sbyar ro //	gang gi tshe cung zad kyang mi mthong ba de tshe de kho na bzhin gnas te zhes byed ba sbyor ro 
BO_T04_D3883:49b-7	ci zhig byed cing zhe na /	ci jig byed cing zhe na 
BO_T04_D3883:49b-8	bshad pa / dngos po'i rang gi ngo bo dpyod par byed cing ngo //	chad ba dngos po rang gi ngo bo dpyod ba byed cing ngo 
BO_T04_D3883:49b-9	ci zhig byas nas she na /	ci jig byed nas she na 
BO_T04_D3883:49b-10	bshad pa / chos rnams ma skyes so zhes bya ba la sogs pa yang brtags pa'i bdag nyid dag yin no zhes bya bar khong du chud par byas nas so //	chad ba chos rnams ma skye so zhes byed ba la sogs ba yang rtog ba bdag nyid dag yin no zhes byed ba khong du chud ba byed nas so 
BO_T04_D3883:49b-11	de dag ji ltar brtags pa'i bdag nyid yin snyam pa la /	de dag ji ltar rtog ba bdag nyid yin snyam ba la 
BO_T04_D3883:49b-12	bshad pa yang dag par skye ba la sogs par rtogs pa bkag pa'i ngo bo nyid kyis so //	chad ba yang dag ba skye ba la sogs ba rtogs ba gog ba ngo bo nyid kyis so 
BO_T04_D3883:49b-13	ci'i phyir de kho na bzhin gnas snyam pa la /	ci phyir de kho na bzhin gnas snyam ba la 
BO_T04_D3883:49b-14	bshad pa / 'di ltar /	chad ba di ltar 
BO_T04_D3883:49b-15	de ni mtshan ma mi 'byung phyir //	de ni mtshan ma mi byung phyir 
BO_T04_D3883:49b-16	mi bzhengs so zhes bya bar sbyar ro //	mi bzhengs so zhes byed ba sbyor ro 
BO_T04_D3883:49b-17	gang gi tshe mtshan ma mi 'byung snyam pa la /	gang gi tshe mtshan ma mi byung snyam ba la 
BO_T04_D3883:49b-18	bshad pa / gang tshe shes dang shes bya dang // bdag nyid rjes su mi mthong na'o //	chad ba gang tshe shes dang shes byed dang bdag nyid rjes su mi mthong na 
BO_T04_D3883:49b-19	bdag nyid ces bya ba ni rnal 'byor pa yin par ston to //	bdag nyid ces byed ba ni rnal byor ba yin ba ston to 
BO_T04_D3883:49b-20	gnas pa brtan phyir yang mi ldang ngo //	gnas ba brtan phyir yang mi ldang ngo 
BO_T04_D3883:49b-21	zhes bya bar sbyar bar bya ste /	zhes byed ba sbyor ba byed ste 
BO_T04_D3883:49b-22	yang zhes bya ba ni mi mngon par bstan to //	yang zhes byed ba ni mi mngon ba ston to 
BO_T04_D3883:49b-23	gnas pa ni ting nge 'dzin to //	gnas ba ni ting nge dzin to 
BO_T04_D3883:49b-24	'di rnam par 'grel par byed de /	di rnam ba grel ba byed de 
BO_T04_D3883:49b-25	bcom ldan 'das 'di'i mtshan ma mi 'byung na bzhengs pa lta ga la yod ces bya bar sbyar ro //	joms ldan da di mtshan ma mi byung na bzhengs ba lta ga la yod ces byed ba sbyor ro 
BO_T04_D3883:49b-26	mtshan ma zhes bya ba ni /	mtshan ma zhes byed ba ni 
BO_T04_D3883:49b-27	shes pa dang shes bya dang bdag gi mtshan ma'o //	shes ba dang shes byed dang bdag gi mtshan ma 
BO_T04_D3883:49b-28	ci'i phyir mtshan ma mi 'byung zhe na /	ci phyir mtshan ma mi byung zhe na 
BO_T04_D3883:49b-29	bshad pa / bcom ldan 'das gang la rtog pa'i sa bon thams cad bag chags dang bcas te rtsa nas bton pa yod pa de'i dngos po ni de nyid de /	chad ba joms ldan da gang la rtogs ba sa bon thams cad bag chags dang cha te rtsa nas don ba yod ba de dngos po ni de nyid de 
BO_T04_D3883:49b-30	rtog pa'i sa bon mtha' dag bag chags dang bcas te rtsa nas bton /	rtogs ba sa bon mtha dag bag chags dang cha te rtsa nas don 
BO_T04_D3883:49b-31	nyid kyi phyir ro ;	nyid kyi phyir ro 
BO_T04_D3883:49b-32	/ bag chags ni nyon mongs pas byas pa lus la sogs pa 'gyur ba'o //	bag chags ni nyon mongs ba byed ba lus la sogs ba gyur ba 
BO_T04_D3883:49b-33	bcom ldan 'das 'di'i ting nge 'dzin brtan pa'i yang phyir bzhengs pa lta ga la yod ces bya bar sbyar ro //	joms ldan da di ting nge dzin brtan ba yang phyir bzhengs ba lta ga la yod ces byed ba sbyor ro 
BO_T04_D3883:49b-34	de yang ci'i phyir snyam pa la /	de yang ci phyir snyam ba la 
BO_T04_D3883:50a-0	bshad pa / bskal pa grangs med pa du mar gus par mdzad de bar chad med par @50a * //	chad ba bskal ba grangs med ba du mar gus ba mdzad de ba chad med ba 
BO_T04_D3883:50a-1	legs par bsgoms pas zhes bya ba 'dis ni yun ring po nas legs par bsgoms pa dang gus par byas te /	legs ba sgom ba zhes byed ba dis ni yun ring po nas legs ba sgom ba dang gus ba byed te 
BO_T04_D3883:50a-2	legs par bsgoms pa dang bar chad med par legs par bsgoms pas ting nge 'dzin brtan pa nyid du bstan to //	legs ba sgom ba dang ba chad med ba legs ba sgom ba ting nge dzin brtan ba nyid du ston to 
BO_T04_D3883:50a-3	gnas skabs gang la zhugs pas te /	gnas skabs gang la jug ba te 
BO_T04_D3883:50a-4	gnas skabs gang zhig rtogs pas yon tan kun gyi rten du gyur te /	gnas skabs gang jig rtogs ba yon tan kun gyi rten du gyur te 
BO_T04_D3883:50a-5	yon tan kun ni 'jig rten pa dang 'jig rten las 'das pa rnams so //	yon tan kun ni jig rten ba dang jig rten las da ba rnams so 
BO_T04_D3883:50a-6	bsam gyis mi khyab par 'gyur te sems can thams cad kyi bsam pa'i yul las yang dag par 'das pa'i phyir ro //	bsam gyis mi khyab ba gyur te sems can thams cad kyi bsam ba yul las yang dag ba da ba phyir ro 
BO_T04_D3883:50a-7	mtshungs med du 'gyur te /	mtshungs med du gyur te 
BO_T04_D3883:50a-8	'di ltar yon tan thun mong ma yin pa'i rten yin pa'i phyir /	di ltar yon tan thun mong ma yin ba rten yin ba phyir 
BO_T04_D3883:50a-9	de bzhin gshegs pa dang mnyam pa'i sems can 'ga' yang med do //	de bzhin gshegs ba dang mnyam ba sems can ga yang med do 
BO_T04_D3883:50a-10	phyag gnas su gyur te /	phyag gnas su gyur te 
BO_T04_D3883:50a-11	sems can thams cad kyis mchod par 'os pa'i phyir ro //	sems can thams cad kyis mchod ba s ba phyir ro 
BO_T04_D3883:50a-12	'dren par 'gyur te lam ngan pa las phral te lam bzang po thob par mdzad pa'i phyir ro //	bgrang ba gyur te lam ngan ba las phral te lam bzang po thob ba mdzad ba phyir ro 
BO_T04_D3883:50a-13	dang zhes bya ba ni rim pa gzhan du sbyar ba ste /	dang zhes byed ba ni rim ba gzhan du sbyor ba ste 
BO_T04_D3883:50a-14	gnas skabs 'ga' de bsam gyis mi khyab pa yin no //	gnas skabs ga de bsam gyis mi khyab ba yin no 
BO_T04_D3883:50a-15	'dis ni chos kyi sku 'bras bu'i sgo nas nye bar bstod pa yin no //	dis ni chos kyi sku bras bu sgo nas nye ba bstod ba yin no 
BO_T04_D3883:50a-16	da ni rnam par bshad pa'i sgo nas bsngags pa bya ba'i phyir /	da ni rnam ba chad ba sgo nas bsngags ba byed ba phyir 
BO_T04_D3883:50a-17	chos rnams kun gyi lus yin phyir ;	chos rnams kun gyi lus yin phyir 
BO_T04_D3883:50a-18	/ zhes bya ba la sogs pa smos so //	zhes byed ba la sogs ba smos so 
BO_T04_D3883:50a-19	rnam pa gsum gyis chos kyi sku zhes bya zhes bya ba ni tshig gsum bzung nas de skad du bshad do //	rnam ba gsum gyis chos kyi sku zhes byed zhes byed ba ni tshig gsum bzung nas de skad du chad do 
BO_T04_D3883:50a-20	de lta ma yin na tshig gcig gis don gnyis zin pas rnam pa bzhis zhes brjod par bya dgos so //	de lta ma yin na tshig gcig gis don gnyis zin ba rnam ba bzhis zhes rjod ba byed dgos so 
BO_T04_D3883:50a-21	ci'i phyir chos thams cad kyi lus zhes bya ba snyam pa la /	ci phyir chos thams cad kyi lus zhes byed ba snyam ba la 
BO_T04_D3883:50a-22	'gro ba thams cad ces bya ba la sogs pa smos so //	gro ba thams cad ces byed ba la sogs ba smos so 
BO_T04_D3883:50a-23	de bas na rnam pa 'di la ni sku zhes bya ba'i sgra ni lus su brjod par blta bar bya'o //	de ba na rnam ba di la ni sku zhes byed ba sgra ni lus su rjod ba lta ba byed 
BO_T04_D3883:50a-24	lus ni tshogs yin pa'i phyir chos kyi sku ni chos rnams kyi tshogs zhes bya ste /	lus ni tshogs yin ba phyir chos kyi sku ni chos rnams kyi tshogs zhes byed ste 
BO_T04_D3883:50a-25	rgyu las 'bras bu nye bar btags pa'i phyir ro //	rgyu las bras bu nye ba dogs ba phyir ro 
BO_T04_D3883:50a-26	ci'i phyir rgyu nyid yin snyam pa la bshad pa /	ci phyir rgyu nyid yin snyam ba la chad ba 
BO_T04_D3883:50a-27	'jig rten pa dang 'jig rten las 'das pa'i yon tan thams cad kyi rten yin pa'i phyir ro //	jig rten ba dang jig rten las da ba yon tan thams cad kyi rten yin ba phyir ro 
BO_T04_D3883:50a-28	yang na 'dir 'jig rten pa dang 'jig rten las 'das pa'i chos rnams sgrogs shing brjod pa'i phyir chos kyi sku yin no //	yang na dir jig rten ba dang jig rten las da ba chos rnams sgrogs shing rjod ba phyir chos kyi sku yin no 
BO_T04_D3883:50b-0	chos kyi dbyings rtogs na 'jig rten @50b pa dang 'jig rten las 'das pa'i chos thams cad bos pa bzhin du 'du ste /	chos kyi dbyings rtogs na jig rten ba dang jig rten las da ba chos thams cad bod ba bzhin du du ste 
BO_T04_D3883:50b-1	zad pa shes la zag bcas kyang //	zad ba shes la zag cha kyang 
BO_T04_D3883:50b-2	zhes 'byung ba'i phyir ro //	zhes byung ba phyir ro 
BO_T04_D3883:50b-3	'dis ni chos kyi sku zhes bya ba'i sgra 'di byed pa'i sgra nyid du ston par byed do //	dis ni chos kyi sku zhes byed ba sgra di byed ba sgra nyid du ston ba byed do 
BO_T04_D3883:50b-4	lus ni byed pa med pa ma yin nam /	lus ni byed ba med ba ma yin nam 
BO_T04_D3883:50b-5	ji ltar na yon tan bsam gyis mi khyab pa kun gyi rten zhes bya snyam pa la /	ji ltar na yon tan bsam gyis mi khyab ba kun gyi rten zhes byed snyam ba la 
BO_T04_D3883:50b-6	bshad pa / rten gyi dngos po ni kun brtags pa'o zhes bya bar sbyar ro //	chad ba rten gyi dngos po ni kun rtog ba zhes byed ba sbyor ro 
BO_T04_D3883:50b-7	gal te ji ltar snyam pa la /	gal te ji ltar snyam ba la 
BO_T04_D3883:50b-8	bshad pa / de la 'jug pa thob pas na chos kyi dbyings la 'jug pa rtogs pa ste /	chad ba de la jug ba thob ba na chos kyi dbyings la jug ba rtogs ba ste 
BO_T04_D3883:50b-9	des 'jig rten pa dang 'jig rten las 'das pa'i yon tan rnams thob pa'o //	des jig rten ba dang jig rten las da ba yon tan rnams thob ba 
BO_T04_D3883:50b-10	ci'i phyir rigs pas rnam par gnas pa'i ngo bo nyid yin snyam pa la /	ci phyir rigs ba rnam ba gnas ba ngo bo nyid yin snyam ba la 
BO_T04_D3883:50b-11	bshad pa / ngo bo nyid de nyid rigs pa dang ldan pa'i phyir ro //	chad ba ngo bo nyid de nyid rigs ba dang ldan ba phyir ro 
BO_T04_D3883:50b-12	de lta bas na 'dis ni chos zhes bya ba'i sgra ni rigs par brjod pa yin /	de lta ba na dis ni chos zhes byed ba sgra ni rigs ba rjod ba yin 
BO_T04_D3883:50b-13	sku zhes bya ba'i sgra ni ngo bo nyid du brjod pa yin no zhes bstan pa yin no //	sku zhes byed ba sgra ni ngo bo nyid du rjod ba yin no zhes ston ba yin no 
BO_T04_D3883:50b-14	de ltar chos kyi sku mdor bsdus te bstan nas /	de ltar chos kyi sku mdor sdud te ston nas 
BO_T04_D3883:50b-15	longs spyod rdzogs pa'i sku brjod par rtsom pa na /	longs spyod rdzogs ba sku rjod ba rtsom ba na 
BO_T04_D3883:50b-16	de tshe rnam rtog med ces bya ba la sogs pa smos so //	de tshe rnam rtogs med ces byed ba la sogs ba smos so 
BO_T04_D3883:50b-17	de tshe zhes bya ba ni chos kyi dbyings rtogs par byed pa'i dus ston par byed do //	de tshe zhes byed ba ni chos kyi dbyings rtogs ba byed ba dus ston ba byed do 
BO_T04_D3883:50b-18	gal te rtog par mi mdzad na ji ltar sems can gyi don 'byung snyam pa la /	gal te rtogs ba mi mdzad na ji ltar sems can gyi don byung snyam ba la 
BO_T04_D3883:50b-19	bshad pa sngon gyi shugs kyis te sngon gyi smon lam gyi shugs kyi zhes bya ba'i tha tshig go //	chad ba sngon gyi shugs kyis te sngon gyi smon lam gyi shugs kyi zhes byed ba tha tshig go 
BO_T04_D3883:50b-20	sems can gyi don gang gi tshe ci 'dra ba zhig gang du rnam pa ji lta bu zhig 'byung snyam pa la /	sems can gyi don gang gi tshe ci dra ba jig gang du rnam ba ji lta bu jig byung snyam ba la 
BO_T04_D3883:50b-21	rtag tu zhes bya ba la sogs pa smos so //	rtag tu zhes byed ba la sogs ba smos so 
BO_T04_D3883:50b-22	de bas na 'dis ni thams cad nas sems can gyi don 'byung bar rjod par byad cing gzhan gyi don phun sum tshogs pa yang ston to //	de ba na dis ni thams cad nas sems can gyi don byung ba rjod ba byad cing gzhan gyi don phun sum tshogs ba yang ston to 
BO_T04_D3883:50b-23	gzhan gyi don phun sum tshogs pa 'di ni gtso bo yin pa'i phyir sngar bshad do //	gzhan gyi don phun sum tshogs ba di ni gtso bo yin ba phyir sngar chad do 
BO_T04_D3883:50b-24	rang gi don phun sum tshogs pa ni /	rang gi don phun sum tshogs ba ni 
BO_T04_D3883:50b-25	gzhan gyi don phun sum tshogs pa'i thabs yin pa'i phyir phyis smos so //	gzhan gyi don phun sum tshogs ba thabs yin ba phyir byid smos so 
BO_T04_D3883:50b-26	tshigs su bcad pa gnyis pa'i phyed gong mas ni ye shes phun sum tshogs pa bstan to //	tshigs su gcod ba gnyis ba phyed gong mas ni ye shes phun sum tshogs ba ston to 
BO_T04_D3883:50b-27	phyed 'og mas ni che ba'i bdag nyid phun sum tshogs pa bstan to //	phyed g mas ni che ba bdag nyid phun sum tshogs ba ston to 
BO_T04_D3883:50b-28	tshigs su bcad pa gsum pa'i phyad gong mas ni nyon mongs pa'i sgrib pa spangs pa phun sum tshogs pa bstan to //	tshigs su gcod ba gsum ba phyad gong mas ni nyon mongs ba sgrib ba spong ba phun sum tshogs ba ston to 
BO_T04_D3883:51a-0	phyed 'og mas ni shes bya'i @51a * //	phyed g mas ni shes byed 
BO_T04_D3883:51a-1	sgrib pa spangs pa phun sum tshogs pa bstan to //	sgrib ba spong ba phun sum tshogs ba ston to 
BO_T04_D3883:51a-2	gang la mkhyen pa'i skad cig gcig gis ni //	gang la mkhyen ba skad cig gcig gis ni 
BO_T04_D3883:51a-3	shes bya'i dkyil 'khor kun khyab can //	shes byed dkyil khor kun khyab can 
BO_T04_D3883:51a-4	mnga' ba zhes tshig rnam par sbyar ro //	mnga ba zhes tshig rnam ba sbyor ro 
BO_T04_D3883:51a-5	yon tan rin po che'i tshogs dang ting nge 'dzin dang bsam gtan dag tshig rnam par phral ba rnams bsam gyis mi khyab pa'i tshig dang / gzhi mthun pa'i bsdu ba byas nas rten gyi tshig dang drug pa'i bsdu ba bya'o //	yon tan rin po che tshogs dang ting nge dzin dang bsam gtan dag tshig rnam ba phral ba rnams bsam gyis mi khyab ba tshig dang gzhi mthun ba sdud ba byed nas rten gyi tshig dang drug ba sdud ba byed 
BO_T04_D3883:51a-6	yon tan ni mngon par shes pa dang tshad med pa dang stobs dang sangs rgyas kyi chos ma 'dres pa bco brgyad la sogs pa'o //	yon tan ni mngon ba shes ba dang tshad med ba dang stobs dang sangs rgya kyi chos ma dre ba chos brgyad la sogs ba 
BO_T04_D3883:51a-7	ting nge 'dzin rnams ni dpa' bor 'gro ba dang nam mkha' mdzod kyi ting nge 'dzin la sogs pa'o //	ting nge dzin rnams ni dpa bor gro ba dang nam mkha mdzod kyi ting nge dzin la sogs ba 
BO_T04_D3883:51a-8	bsam gtan rnams ni dang po la sogs pa'o //	bsam gtan rnams ni dang po la sogs ba 
BO_T04_D3883:51a-9	rtog pa dang nyon mongs pa dang bag chags rnams kyi tshig phral ba byas nas /	rtogs ba dang nyon mongs ba dang bag chags rnams kyi tshig phral ba byed nas 
BO_T04_D3883:51a-10	gang la rtog pa dang nyon mongs pa dang bag chags rnams ma lus par gtan gcad pa yod pa zhes 'bru mang por bya'o //	gang la rtogs ba dang nyon mongs ba dang bag chags rnams ma lus ba gtan gcod ba yod ba zhes bru mang por byed 
BO_T04_D3883:51a-11	rtog pa ni nyon mongs pa 'byung ba'i rgyu log pa'i rnam par rtog pa'o //	rtogs ba ni nyon mongs ba byung ba rgyu log ba rnam ba rtogs ba 
BO_T04_D3883:51a-12	bag chags ni nyon mongs pa'i 'bras bu lus dang ngag 'gyur ba'o //	bag chags ni nyon mongs ba bras bu lus dang ngag gyur ba 
BO_T04_D3883:51a-13	'di gnyis ni nyon mongs pa'i rgyu dang 'bras bu dag yin no zhes bya ba rab tu bstan pa'i phyir nyon mongs pa rab tu bstan to //	di gnyis ni nyon mongs ba rgyu dang bras bu dag yin no zhes byed ba rab tu ston ba phyir nyon mongs ba rab tu ston to 
BO_T04_D3883:51a-14	de lta ma yin na nyon mongs pa zhes bya ba'i tshig dang po smra bar 'gyur ro //	de lta ma yin na nyon mongs ba zhes byed ba tshig dang po smra ba gyur ro 
BO_T04_D3883:51a-15	gang la shes bya'i yul la mi shes pa'i //	gang la shes byed yul la mi shes ba 
BO_T04_D3883:51a-16	tshogs ni mtha' dag rnam spangs can //	tshogs ni mtha dag rnam spong can 
BO_T04_D3883:51a-17	mnga' ba zhes tshig rnam par sbyar ro //	mnga ba zhes tshig rnam ba sbyor ro 
BO_T04_D3883:51a-18	tshigs su bcad pa gsum smos pa'i don mdor bsdus nas brjod par bya ste /	tshigs su gcod ba gsum smos ba don mdor sdud nas rjod ba byed ste 
BO_T04_D3883:51a-19	nyes pa kun gyis ma yin //	nyes ba kun gyis ma yin 
BO_T04_D3883:51a-20	zhes bya ba 'dis ni sgrib pa spangs pa phun sum tshogs pa bstan to //	zhes byed ba dis ni sgrib ba spong ba phun sum tshogs ba ston to 
BO_T04_D3883:51a-21	yon tan rgya mtsho kun gyis //	yon tan rgya mtsho kun gyis 
BO_T04_D3883:51a-22	zhes bya ba 'dis ni che ba nyid phun sum tshogs pa bstan to //	zhes byed ba dis ni che ba nyid phun sum tshogs ba ston to 
BO_T04_D3883:51a-23	rtag tu zhes bya ba la sogs pas ni tshigs su bcad pa dang por bstan pa gzhan gyi don phun sum tshogs pa bstan to //	rtag tu zhes byed ba la sogs ba ni tshigs su gcod ba dang por ston ba gzhan gyi don phun sum tshogs ba ston to 
BO_T04_D3883:51a-24	yid bzhin nor bu bzhin du ni //	yid bzhin nor bu bzhin du ni 
BO_T04_D3883:51a-25	zhes bya ba la sogs pas 'di'i gnas pa'i dus ston te /	zhes byed ba la sogs ba di gnas ba dus ston te 
BO_T04_D3883:51a-26	gzhan gyi don phun sum tshogs pa la sogs pas mtshungs pa med pa kho nar 'khor ba ji srid du 'jug go //	gzhan gyi don phun sum tshogs ba la sogs ba mtshungs ba med ba kho nar khor ba ji srid du jug go 
BO_T04_D3883:51a-27	ci dang 'dra bar mtshungs pa med ce na /	ci dang dra ba mtshungs ba med ce na 
BO_T04_D3883:51a-28	yid bzhin gyi nor bu bzhin no //	yid bzhin gyi nor bu bzhin no 
BO_T04_D3883:51b-0	'ga' zhig gis chos mthun @51b pa'i phyir 'di'i dpe bas kyi rnam pa thams cad ni ma yin no zhes bya bar shes par bya'o //	ga jig gis chos mthun ba phyir di dpe ba kyi rnam ba thams cad ni ma yin no zhes byed ba shes ba byed 
BO_T04_D3883:51b-1	'di'i rgyu phun sum tshogs pa brjod pa'i phyir bshad pa 'di ni thugs rje chen pos bsgrubs pa yang yin la bsam gyis mi khyab pa'i bsod nams dang ye shes kyang yin pa de las mtshungs med 'byung ba 'di la yod pas /	di rgyu phun sum tshogs ba rjod ba phyir chad ba di ni thugs rje chen pos sgrub ba yang yin la bsam gyis mi khyab ba bsod nams dang ye shes kyang yin ba de las mtshungs med byung ba di la yod ba 
BO_T04_D3883:51b-2	thugs rje ches bsgrubs bsam mi khyab //	thugs rje ches sgrub bsam mi khyab 
BO_T04_D3883:51b-3	bsod nams ye shes mtshungs med 'byung ba yin no //	bsod nams ye shes mtshungs med byung ba yin no 
BO_T04_D3883:51b-4	yang dag pa'i mchog thob cing zhes bya ba la sogs pas ni de gang dag gi yul gyi ngo bor 'gyur ba de ston to //	yang dag ba mchog thob cing zhes byed ba la sogs ba ni de gang dag gi yul gyi ngo bor gyur ba de ston to 
BO_T04_D3883:51b-5	sa'i mchog ni rab tu dga' ba la sogs pa'o //	sa mchog ni rab tu dga ba la sogs ba 
BO_T04_D3883:51b-6	de bas na tshigs su bcad pa 'di las rtsa ba dang pos ni ye shes kyi tshogs dang ldan pa ston to //	de ba na tshigs su gcod ba di las rtsa ba dang pos ni ye shes kyi tshogs dang ldan ba ston to 
BO_T04_D3883:51b-7	gnyis pas ni bsod nams kyi tshogs dang ldan pa ston to //	gnyis ba ni bsod nams kyi tshogs dang ldan ba ston to 
BO_T04_D3883:51b-8	gang gi phyir 'di bsam gyis mi khyab pa de'i phyir byang chub sems dpa' 'di lta bu dag kho na'i mig gi yul du 'gyur ro //	gang gi phyir di bsam gyis mi khyab ba de phyir byang chub sems dpa di lta bu dag kho na mig gi yul du gyur ro 
BO_T04_D3883:51b-9	ji ltar sku 'di longs spyod rdzogs pa zhes bya snyam pa la /	ji ltar sku di longs spyod rdzogs ba zhes byed snyam ba la 
BO_T04_D3883:51b-10	de las byang chub sems dpa' rnams zhes bya ba la sogs pas gtan tshigs bstan te /	de las byang chub sems dpa rnams zhes byed ba la sogs ba gtan tshigs ston te 
BO_T04_D3883:51b-11	tshigs su bcad pa khong du chud par sla'o //	tshigs su gcod ba khong du chud ba sla 
BO_T04_D3883:51b-12	sems can so so'i zhes bya ba la sogs pas sprul pa'i sku ston par byed de /	sems can so so zhes byed ba la sogs ba sprul ba sku ston ba byed de 
BO_T04_D3883:51b-13	tshigs su bcad pa rnams don go bar sla bas de'i phyir rnam par dbye bar mi bya'o //	tshigs su gcod ba rnams don go ba sla ba de phyir rnam ba byed ba mi byed 
BO_T04_D3883:51b-14	spu'i khung zhes bya ba la sogs pa smos pas ni /	spu khung zhes byed ba la sogs ba smos ba ni 
BO_T04_D3883:51b-15	skye ba la sogs pa yongs su bsdu'o //	skye ba la sogs ba yongs su sdud 
BO_T04_D3883:51b-16	sprul pa'i sku'i mtshan nyid dang mdzad pa mdor bsdus nas brjod cing /	sprul ba sku mtshan nyid dang mdzad ba mdor sdud nas rjod cing 
BO_T04_D3883:51b-17	rgyal bas 'jig rten ma lus pa'i //	rgyal ba jig rten ma lus ba 
BO_T04_D3883:51b-18	zhes bya ba la sogs pa smos so //	zhes byed ba la sogs ba smos so 
BO_T04_D3883:51b-19	'di'i zhes bya ba ni de bzhin gshegs pa'i sku longs spyod rdzogs pa'i mtshan nyid kyi'o //	di zhes byed ba ni de bzhin gshegs ba sku longs spyod rdzogs ba mtshan nyid kyi 
BO_T04_D3883:51b-20	kha cig sprul pa ni sprul par mi mdzad do snyam du 'khrul pa rnam par gcad pa'i phyir /	kha cig sprul ba ni sprul ba mi mdzad do snyam du khrul ba rnam ba gcod ba phyir 
BO_T04_D3883:51b-21	sprul pa yis ni zhes bya ba la sogs pa smos so //	sprul ba yis ni zhes byed ba la sogs ba smos so 
BO_T04_D3883:51b-22	gal te ci'i phyir sprul pas ji ltar bzhed pa bzhin sprul pa mdzad snyam pa la /	gal te ci phyir sprul ba ji ltar bzhed ba bzhin sprul ba mdzad snyam ba la 
BO_T04_D3883:51b-23	bshad pa // khyab bdag mthu yi shugs kyis so //	chad ba khyab bdag mthu yi shugs kyis so 
BO_T04_D3883:51b-24	khyab bdag ni longs spyod rdzogs pa'i sku'i mtshan nyid kyi de bzhin gshegs pa'o //	khyab bdag ni longs spyod rdzogs ba sku mtshan nyid kyi de bzhin gshegs ba 
BO_T04_D3883:51b-25	ji lta bur mdzad snyam pa la /	ji lta bur mdzad snyam ba la 
BO_T04_D3883:51b-26	bshad pa / mdzad pa kun la 'jug pa bzhin //	chad ba mdzad ba kun la jug ba bzhin 
BO_T04_D3883:52a-0	ji ltar khyab bdag shugs kyi mthus sprul pa bzhugs @52a * //	ji ltar khyab bdag shugs kyi mthus sprul ba bzhugs 
BO_T04_D3883:52a-1	pa dang 'chag pa dang / gzims pa dang / chos ston pa la sogs pa'i mdzad pa la 'jug par mdzad pa ltar /	ba dang chag ba dang gzims ba dang chos ston ba la sogs ba mdzad ba la jug ba mdzad ba ltar 
BO_T04_D3883:52a-2	sprul pa yang de dang 'dra bar mdzad do //	sprul ba yang de dang dra ba mdzad do 
BO_T04_D3883:52a-3	ci'i phyir bcom ldan 'das kyi sku shin tu mdor bsdus nas bstan zhe na /	ci phyir joms ldan da kyi sku shin tu mdor sdud nas ston zhe na 
BO_T04_D3883:52a-4	bshad pa / rnam pa thams cad ces bya ba la sogs pa smos so //	chad ba rnam ba thams cad ces byed ba la sogs ba smos so 
BO_T04_D3883:52a-5	nyan thos la sogs pa'i zhes bya ba la sogs pas ni rang sangs rgyas dang byang chub sems dpa' dang / so so'i skye bo rnams gzung ngo //	nyan thos la sogs ba zhes byed ba la sogs ba ni rang sangs rgya dang byang chub sems dpa dang so so skye bo rnams gzung ngo 
BO_T04_D3883:52a-6	da ni nga rgyal med pa nyid du ston cing gzhan lam bzang po dang sbyar bar bzhed nas bshad pa /	da ni nga rgyal med ba nyid du ston cing gzhan lam bzang po dang sbyor ba bzhed nas chad ba 
BO_T04_D3883:52a-7	de ltar ji skad bshad pa'i rnam pas /	de ltar ji skad chad ba rnam ba 
BO_T04_D3883:52a-8	bden gnyis rnam phye 'dir /	bden gnyis rnam byed dir 
BO_T04_D3883:52a-9	ci nyes pa yod dam 'on te med ces bya ba dpyad par gyis shig / nyes pa med pa kho na'o snyam du bsams pa'o //	ci nyes ba yod dam n te med ces byed ba dpyod ba gyis shig nyes ba med ba kho na snyam du bsams ba 
BO_T04_D3883:52a-10	ci zhig bya snyam pa la bshad pa /	ci jig byed snyam ba la chad ba 
BO_T04_D3883:52a-11	phyogs 'dzin pa yis dkrugs pa'i yid //	phyogs dzin ba yis dkrug ba yid 
BO_T04_D3883:52a-12	legs par bor la ste /	legs ba bor la ste 
BO_T04_D3883:52a-13	phyogs 'dzin pas dkrugs pa'i yid la yang dag pa dang yang dag pa ma yin pa bzhin du snang la /	phyogs dzin ba dkrug ba yid la yang dag ba dang yang dag ba ma yin ba bzhin du snang la 
BO_T04_D3883:52a-14	de bzhin du yang dag pa ma yin pa yang /	de bzhin du yang dag ba ma yin ba yang 
BO_T04_D3883:52a-15	yang dag pa bzhin du snang ngo snyam du bsams pa'o //	yang dag ba bzhin du snang ngo snyam du bsams ba 
BO_T04_D3883:52a-16	da ni snying rjes non pa na /	da ni snying rjes non ba na 
BO_T04_D3883:52a-17	gzhan dag gi sdang ba yongs su spang ba'i phyir /	gzhan dag gi sdang ba yongs su spong ba phyir 
BO_T04_D3883:52a-18	bshad pa / mi yang shin tu thob par dka' ba yin na /	chad ba mi yang shin tu thob ba dka ba yin na 
BO_T04_D3883:52a-19	rab tu sdang ba gang du dgos //	rab tu sdang ba gang du dgos 
BO_T04_D3883:52a-20	zhes bya bar sbyar ro //	zhes byed ba sbyor ro 
BO_T04_D3883:52a-21	gang du zhes bya ba ni spong ba'o //	gang du zhes byed ba ni spong ba 
BO_T04_D3883:52a-22	mi dgos pa 'ba' zhig tu ma zad kyi /	mi dgos ba ba jig tu ma zad kyi 
BO_T04_D3883:52a-23	slar gnod pa'i rgyu yang yin pa'i phyir dor bar bya ste /	slar gnod ba rgyu yang yin ba phyir dor ba byed ste 
BO_T04_D3883:52a-24	'di ltar sdang bas ngan song ba ni mi 'thob par dka'o //	di ltar sdang ba ngan gro ba ni mi thob ba dka 
BO_T04_D3883:52a-25	ji ste kho bo cag gi 'dod pa'i don bdag gis legs par gtan la phab zin te /	ji ste kho bo cag gi dod ba don bdag gis legs ba gtan la bebs zin te 
BO_T04_D3883:52a-26	de bas ci'i phyir lta ba gzhan spang bar mi bya snyam pa la /	de ba ci phyir lta ba gzhan spong ba mi byed snyam ba la 
BO_T04_D3883:52a-27	bshad pa / blo sbyang nyam yang rab tu chung //	chad ba blo sbyong nyam yang rab tu chung 
BO_T04_D3883:52a-28	'di snyam du sangs rgyas rnams dang sar chud pa rnams kyi shes rab la ltos nas /	di snyam du sangs rgya rnams dang sar chud ba rnams kyi shes rab la ltos nas 
BO_T04_D3883:52a-29	khyed kyi shes rab ci 'dra zhes bya ba de lta re zhig zhog gi / mos pas spyod pa'i sa la gnas pa rnams kyi shes rab la ltos nas kyang khyod kyi shes rab tshod yod do //	khyed kyi shes rab ci dra zhes byed ba de lta re jig zhog gi mos ba spyod ba sa la gnas ba rnams kyi shes rab la ltos nas kyang khyod kyi shes rab tshod yod do 
BO_T04_D3883:52a-30	de bas na blo sbyang ba nyam chung ba'i phyir /	de ba na blo sbyong ba nyam chung ba phyir 
BO_T04_D3883:52b-0	khyod kyi don 'di bdag gis legs par gtan la phab zin to zhes brjod pa ni ha cang gzu lums ches so snyam du @52b sems pa'o //	khyod kyi don di bdag gis legs ba gtan la bebs zin to zhes rjod ba ni ha cang gzu lums ches so snyam du sems ba 
BO_T04_D3883:52b-1	ji ste 'khor bar gnas pa 'di bla ste /	ji ste khor ba gnas ba di bla ste 
BO_T04_D3883:52b-2	de'i phyir ci'i phyir mi spang bar mi bya snyam pa la bshad pa /	de phyir ci phyir mi spong ba mi byed snyam ba la chad ba 
BO_T04_D3883:52b-3	'khor ba'i dgon pa bgrod par dka' //	khor ba dgon ba bgrod ba dka 
BO_T04_D3883:52b-4	zhes bya ba smos so //	zhes byed ba smos so 
BO_T04_D3883:52b-5	ji ste kho bo cag mi 'chi ba kho nas /	ji ste kho bo cag mi chi ba kho nas 
BO_T04_D3883:52b-6	de'i phyir sdang bas ci 'jigs snyam du sems na /	de phyir sdang ba ci jigs snyam du sems na 
BO_T04_D3883:52b-7	de'i phyir srog kyang shin tu g-yo ba yin //	de phyir srog kyang shin tu g-yo ba yin 
BO_T04_D3883:52b-8	zhes bya ba smos so //	zhes byed ba smos so 
BO_T04_D3883:52b-9	ji ste grogs po bzang po la brten nas sdang ba'i nyes pa yongs su spang bar bya'o snyam du sems na /	ji ste grogs po bzang po la rten nas sdang ba nyes ba yongs su spong ba byed snyam du sems na 
BO_T04_D3883:52b-10	de'i phyir / bshes gnyen bzang po'ang rnyed dka' na //	de phyir bshes gnyen bzang po rnyed dka na 
BO_T04_D3883:52b-11	zhes bya ba smos so //	zhes byed ba smos so 
BO_T04_D3883:52b-12	yang na gal te kho bo la bshes gnyen bzang pos lta ba gzhan 'di ni rigs pa ma yin no zhes bstan pas /	yang na gal te kho bo la bshes gnyen bzang pos lta ba gzhan di ni rigs ba ma yin no zhes ston ba 
BO_T04_D3883:52b-13	de'i phyir sdang bas kho bo cag mi 'jigs so zhe na /	de phyir sdang ba kho bo cag mi jigs so zhe na 
BO_T04_D3883:52b-14	bshes gnyen bzang po'ang rnyed dka' na //	bshes gnyen bzang po rnyed dka na 
BO_T04_D3883:52b-15	zhes bya ba smos so //	zhes byed ba smos so 
BO_T04_D3883:52b-16	ji ste lta ba gzhan la kho bo mos pa med pas de'i phyir spong ngo zhes smra bar 'gyur na /	ji ste lta ba gzhan la kho bo mos ba med ba de phyir spong ngo zhes smra ba gyur na 
BO_T04_D3883:52b-17	bshad pa / mos pa med du zin na yang //	chad ba mos ba med du zin na yang 
BO_T04_D3883:52b-18	rab tu sdang ba gang du dgos //	rab tu sdang ba gang du dgos 
BO_T04_D3883:52b-19	zhes bya bar sbyar ro //	zhes byed ba sbyor ro 
BO_T04_D3883:52b-20	ci'i phyir mos pa med snyam pa la /	ci phyir mos ba med snyam ba la 
BO_T04_D3883:52b-21	de ni 'ga' la bsod nams kyis //	de ni ga la bsod nams kyis 
BO_T04_D3883:52b-22	zhes bya ba smos te /	zhes byed ba smos te 
BO_T04_D3883:52b-23	ji skad du /	ji skad du 
BO_T04_D3883:52b-24	yang rab 'byor sems can gang dag mdo sde'i tshig bshad pa /	yang rab byor sems can gang dag mdo sde tshig chad ba 
BO_T04_D3883:52b-25	ji lta bu 'di la sems dang ba gcig tsam yang rnyed pa de dag ni sangs rgyas brgya stong du ma la bsnyen bkur byas shing /	ji lta bu di la sems dang ba gcig tsam yang rnyed ba de dag ni sangs rgya brgya stong du ma la snyen bkur byed shing 
BO_T04_D3883:52b-26	sangs rgyas brgya stong du ma las dge ba'i rtsa ba skyed pa yin zhes gsungs pa lta bu'o //	sangs rgya brgya stong du ma las dge ba rtsa ba skyed ba yin zhes gsungs ba lta bu 
BO_T04_D3883:52b-27	sdang ba bor te yang dag pa mthong ba goms par byas pa'i rim gyis mos pa 'di ni /	sdang ba bor te yang dag ba mthong ba goms ba byed ba rim gyis mos ba di ni 
BO_T04_D3883:52b-28	re zhig gcig na 'gyur te de lta ma yin na ni /	re jig gcig na gyur te de lta ma yin na ni 
BO_T04_D3883:52b-29	sdang pas tshig pa khyod la ni mos pa 'ba' zhig tu ma zad kyi /	sdang ba tshig ba khyod la ni mos ba ba jig tu ma zad kyi 
BO_T04_D3883:52b-30	dal ba 'byor pa'ang ring bar gsal //	dal ba byor ba ring ba gsal 
BO_T04_D3883:52b-31	bden pa gnyis rnam par dbye ba byas pas /	bden ba gnyis rnam ba byed ba byed ba 
BO_T04_D3883:52b-32	bsod nams bsags pa yongs su bsngo ba'i phyir /	bsod nams bsags ba yongs su sngo ba phyir 
BO_T04_D3883:52b-33	bden pa gnyis ni zhes bya ba la sogs pa smos te /	bden ba gnyis ni zhes byed ba la sogs ba smos te 
BO_T04_D3883:52b-34	ye shes snying po ni sangs rgyas bcom ldan 'das yin no //	ye shes snying po ni sangs rgya joms ldan da yin no 
BO_T04_D3883:52b-35	bden pa gnyis rnam par 'byed pa'i dka' 'grel slob dpon zhi ba 'tshos mdzad pa rdzogs so /	bden ba gnyis rnam ba byed ba dka grel slob dpon zhi ba tshos mdzad ba rdzogs so 
BO_T04_D3883:52b-36	// / rgya gar gyi mkhan po pra dzny'a wa rma dang / dzny'a na garbha dang / zhu chen gyi lo ts'a ba bande ye shes sde la sogs pas bsgyur cing zhus te gtan la phab pa /	rgya gar gyi mkhan po pra dznya wa rma dang dznya na garbha dang ju chen gyi lo tsa ba bande ye shes sde la sogs ba sgyur cing zhus te gtan la bebs ba 
